4278,0x301,S,8,00000000000E0002
4301,0x6F2020,E,8,FEFF73022E603000
4307,0x300,S,8,000000000245420C
4315,0x110,S,8,033E00C803001D00
4322,0x120,S,8,027300021C1B2E64
4333,0x130,S,8,0000000002EE0000
4346,0x301,S,8,0000000000010002
4359,0x401,S,8,0000CC01BB240000
4427,0x300,S,8,000000000245420C
4466,0x301,S,8,0000000000050002
4476,0x300,S,8,000000000245420C
4486,0x110,S,8,033E00C803001D00
4500,0x120,S,8,027300021C1B2E64
4556,0x130,S,8,0000000002EE0000
4567,0x301,S,8,0000000000050002
4580,0x300,S,8,000000000245420C
4596,0x301,S,8,00000000000A0002
4610,0x6F2020,E,8,FEFF73022E603000
4670,0x300,S,8,000000000245420C
4708,0x301,S,8,0000000000010002
4716,0x300,S,8,000000000245420C
4726,0x301,S,8,0000000000060002
4735,0x401,S,8,0000CC01BB240000
4746,0x110,S,8,033E00C803001D00
4755,0x301,S,8,0000000000060002
4766,0x401,S,8,0000CC01BB240000
4778,0x300,S,8,000000000245420C
4791,0x301,S,8,00000000000B0002
4803,0x6F2020,E,8,FEFF73022E603000
4815,0x300,S,8,000000000245420C
4828,0x301,S,8,0000000000100002
4847,0x110,S,8,033E00C803001D00
4861,0x120,S,8,027300021C1B2E64
4876,0x130,S,8,0000000002EE0000
4895,0x401,S,8,0000CC01BB240000
4969,0x300,S,8,000000000245420C
4980,0x301,S,8,0000000000020002
4990,0x300,S,8,000000000245420C
5002,0x301,S,8,0000000000070002
5016,0x220201,E,8,000201E803004304
5029,0x220224,E,8,4200000000000000
5042,0x10303,E,8,0300000000000000
5055,0x103C8,E,8,23C1E7C2AC7479C2
5070,0x300,S,8,000000000245420C
5087,0x301,S,8,0000000000070002
5101,0x6F2020,E,8,FEFF73022E603000
5117,0x401,S,8,0000CC01BB240000
5132,0x300,S,8,000000000245420C
5149,0x301,S,8,00000000000C0002
5166,0x110,S,8,033E00C803001D00
5183,0x300,S,8,000000000245420C
5263,0x301,S,8,0000000000020002
5276,0x401,S,8,0000CC01BB240000
5289,0x300,S,8,000000000245420C
5308,0x301,S,8,0000000000070002
5330,0x110,S,8,033E00C803001D00
5345,0x301,S,8,0000000000080002
5360,0x6F2020,E,8,FEFF73022E603000
5376,0x300,S,8,000000000245420C
5393,0x301,S,8,00000000000D0002
5410,0x401,S,8,0000CC01BB240000
5427,0x300,S,8,000000000245420C
5446,0x301,S,8,0000000000120002
5464,0x110,S,8,033E00C803001D00
5483,0x300,S,8,000000000245420C
5503,0x301,S,8,0000000000030002
5522,0x400,S,8,4300000000000000
5603,0x401,S,8,0000CC01BB240000
5620,0x301,S,8,0000000000080002
5636,0x110,S,8,033E00C803001D00
5654,0x300,S,8,000000000245420C
5671,0x301,S,8,0000000000030002
5690,0x300,S,8,000000000245420C
5707,0x110,S,8,033E00C803001D00
5727,0x401,S,8,0000CC01BB240000
5747,0x301,S,8,0000000000040002
5767,0x400,S,8,4300000000000000
5786,0x300,S,8,000000000245420C
5808,0x301,S,8,0000000000090002
5829,0x401,S,8,0000CC01BB240000
5850,0x300,S,8,000000000245420C
5872,0x301,S,8,00000000000E0002
5895,0x6F2020,E,8,FEFF73022E603000
5984,0x300,S,8,000000000245420C
6009,0x301,S,8,0000000000010002
6027,0x401,S,8,0000CC01BB240000
6048,0x301,S,8,0000000000050002
6068,0x300,S,8,000000000245420C
6089,0x103C8,E,8,E685E7C233F079C2
6109,0x301,S,8,0000000000090002
6131,0x6F2020,E,8,FEFF73022E603000
6155,0x401,S,8,0000CC01BB240000
6178,0x301,S,8,00000000000E0002
6202,0x300,S,8,000000000245420C
6223,0x301,S,8,0000000000130002
6248,0x110,S,8,033E00C803001D00
6273,0x300,S,8,000000000245420C
6298,0x400,S,8,4300000000000000
6323,0x300,S,8,000000000245420C
6412,0x301,S,8,0000000000070002
6433,0x401,S,8,0000CC01BB240000
6455,0x301,S,8,00000000000C0002
6478,0x6F2020,E,8,FEFF73022E603000
6501,0x301,S,8,0000000000110002
6530,0x301,S,8,0000000000070002
6554,0x110,S,8,033E00C803001D00
6578,0x300,S,8,000000000245420C
6603,0x300,S,8,000000000245420C
6629,0x301,S,8,0000000000080002
6655,0x6F2020,E,8,FEFF73022E603000
6680,0x300,S,8,000000000245420C
6706,0x301,S,8,00000000000D0002
6732,0x300,S,8,000000000245420C
6760,0x301,S,8,0000000000030002
6787,0x300,S,8,000000000245420C
6876,0x110,S,8,033E00C803001D00
6900,0x300,S,8,000000000245420C
6922,0x401,S,8,0000CC01BB240000
6947,0x300,S,8,000000000245420C
6975,0x6F2020,E,8,FEFF73022E603000
7001,0x300,S,8,000000000245420C
7027,0x301,S,8,0000000000040002
7053,0x220201,E,8,000201E803004304
7081,0x401,S,8,0000CC01BB240000
7109,0x220224,E,8,4200000000000000
7136,0x600,S,8,0000000000000000
7172,0x301,S,8,0000000000030002
7203,0x300,S,8,000000000245420C
7212,0x300,S,8,000000000245420C
7220,0x110,S,8,033E00C803001D00
7230,0x401,S,8,0000CC01BB240000
7300,0x301,S,8,0000000000040002
7306,0x300,S,8,000000000245420C
7313,0x301,S,8,0000000000090002
7319,0x401,S,8,0000CC01BB240000
7328,0x300,S,8,000000000245420C
7337,0x300,S,8,000000000245420C
7344,0x110,S,8,033E00C803001D00
7354,0x301,S,8,0000000000010002
7363,0x401,S,8,0000CC01BB240000
7372,0x300,S,8,000000000245420C
7382,0x301,S,8,0000000000050002
7410,0x300,S,8,000000000245420C
7420,0x110,S,8,033E00C803001D00
7432,0x120,S,8,027300021C1B2E64
7444,0x130,S,8,0000000002EE0000
7456,0x301,S,8,0000000000010002
7531,0x400,S,8,4300000000000000
7538,0x401,S,8,0000CC01BB240000
7547,0x300,S,8,000000000245420C
7557,0x301,S,8,0000000000050002
7568,0x300,S,8,000000000245420C
7577,0x6F2020,E,8,FEFF73022E603000
7588,0x401,S,8,0000CC01BB240000
7600,0x110,S,8,033E00C803001D00
7613,0x301,S,8,0000000000010002
7625,0x300,S,8,000000000245420C
7637,0x301,S,8,0000000000060002
7650,0x401,S,8,0000CC01BB240000
7664,0x110,S,8,033E00C803001D00
7678,0x120,S,8,027300021C1B2E64
7692,0x130,S,8,0000000002EE0000
7706,0x300,S,8,000000000245420C
7782,0x301,S,8,0000000000010002
7793,0x400,S,8,4300000000000000
7803,0x300,S,8,000000000245420C
7815,0x301,S,8,0000000000060002
7829,0x401,S,8,0000CC01BB240000
7842,0x6F2020,E,8,FEFF73022E603000
7855,0x300,S,8,000000000245420C
7868,0x301,S,8,0000000000100002
7885,0x110,S,8,033E00C803001D00
7900,0x120,S,8,027300021C1B2E64
7915,0x130,S,8,0000000002EE0000
7931,0x300,S,8,000000000245420C
7947,0x301,S,8,0000000000020002
7964,0x300,S,8,000000000245420C
7981,0x301,S,8,0000000000070002
7998,0x220201,E,8,000201E803004304
8089,0x400,S,8,4300000000000000
8102,0x110,S,8,033E00C803001D00
8116,0x220201,E,8,0248453430333032
8130,0x10303,E,8,0300000000000000
8146,0x600,S,8,0000000000000000
8163,0x130,S,8,0000000002EE0000
8178,0x300,S,8,000000000245420C
8194,0x301,S,8,0000000000020002
8212,0x401,S,8,0000CC01BB240000
8230,0x300,S,8,000000000245420C
8247,0x301,S,8,0000000000070002
8266,0x110,S,8,033E00C803001D00
8284,0x120,S,8,027300021C1B2E64
8303,0x301,S,8,0000000000030002
8322,0x401,S,8,0000CC01BB240000
8351,0x300,S,8,000000000245420C
8441,0x301,S,8,0000000000080002
8464,0x6F2020,E,8,FEFF73022E603000
8481,0x300,S,8,000000000245420C
8500,0x301,S,8,00000000000D0002
8520,0x401,S,8,0000CC01BB240000
8540,0x400,S,8,4300000000000000
8561,0x301,S,8,0000000000080002
8582,0x110,S,8,033E00C803001D00
8603,0x300,S,8,000000000245420C
8626,0x301,S,8,0000000000030002
8650,0x6F2020,E,8,FEFF73022E603000
8674,0x301,S,8,0000000000080002
8698,0x300,S,8,000000000245420C
8723,0x110,S,8,033E00C803001D00
8750,0x120,S,8,027300021C1B2E64
8776,0x401,S,8,0000CC01BB240000
8861,0x301,S,8,0000000000030002
8879,0x400,S,8,4300000000000000
8901,0x301,S,8,0000000000080002
8921,0x401,S,8,0000CC01BB240000
8943,0x301,S,8,00000000000D0002
8966,0x301,S,8,0000000000040002
8988,0x300,S,8,000000000245420C
9012,0x110,S,8,033E00C803001D00
9037,0x301,S,8,0000000000010002
9067,0x220201,E,8,000201E803004304
9089,0x220201,E,8,0248453430333032
9113,0x103C8,E,8,AFF0E7C2C3FE79C2
9138,0x301,S,8,0000000000090002
9163,0x6F2020,E,8,FEFF73022E603000
9188,0x301,S,8,0000000000010002
9213,0x300,S,8,000000000245420C
9302,0x301,S,8,0000000000050002
9324,0x401,S,8,0000CC01BB240000
9346,0x110,S,8,033E00C803001D00
9368,0x400,S,8,4300000000000000
9391,0x301,S,8,0000000000050002
9414,0x300,S,8,000000000245420C
9438,0x301,S,8,00000000000F0002
9462,0x401,S,8,0000CC01BB240000
9495,0x301,S,8,0000000000010002
9522,0x300,S,8,000000000245420C
9548,0x301,S,8,0000000000060002
9574,0x400,S,8,4300000000000000
9600,0x301,S,8,0000000000010002
9626,0x300,S,8,000000000245420C
9653,0x301,S,8,0000000000050002
9681,0x401,S,8,0000CC01BB240000
9775,0x301,S,8,00000000000A0002
9800,0x110,S,8,033E00C803001D00
9825,0x301,S,8,0000000000010002
9850,0x300,S,8,000000000245420C
9876,0x400,S,8,4300000000000000
9902,0x301,S,8,0000000000040002
9929,0x300,S,8,000000000245420C
9956,0x301,S,8,0000000000090002
9984,0x300,S,8,000000000245420C
10012,0x301,S,8,00000000000E0002
10040,0x300,S,8,000000000245420C
10069,0x220201,E,8,000201E803004304
10079,0x300,S,8,000000000245420C
10088,0x10303,E,8,0300000000000000
10097,0x601,S,8,14010100242B0000
10107,0x6F2020,E,8,FEFF73022E603000
10180,0x301,S,8,0000000000110002
10186,0x300,S,8,000000000245420C
10193,0x301,S,8,0000000000160002
10199,0x110,S,8,033E00C803001D00
10208,0x120,S,8,027300021C1B2E64
10217,0x400,S,8,4300000000000000
10224,0x300,S,8,000000000245420C
10235,0x301,S,8,0000000000080002
10251,0x401,S,8,0000CC01BB240000
10260,0x300,S,8,000000000245420C
10280,0x301,S,8,00000000000D0002
10303,0x6F2020,E,8,FEFF73022E603000
10313,0x300,S,8,000000000245420C
10326,0x110,S,8,033E00C803001D00
10338,0x120,S,8,027300021C1B2E64
10350,0x130,S,8,0000000002EE0000
10425,0x301,S,8,0000000000010002
10433,0x401,S,8,0000CC01BB240000
10443,0x300,S,8,000000000245420C
10453,0x301,S,8,0000000000040002
10464,0x300,S,8,000000000245420C
10475,0x110,S,8,033E00C803001D00
10486,0x400,S,8,4300000000000000
10498,0x401,S,8,0000CC01BB240000
10510,0x300,S,8,000000000245420C
10531,0x301,S,8,0000000000030002
10547,0x300,S,8,000000000245420C
10564,0x301,S,8,0000000000080002
10581,0x6F2020,E,8,FEFF73022E603000
10598,0x401,S,8,0000CC01BB240000
10616,0x300,S,8,000000000245420C
10634,0x110,S,8,033E00C803001D00
10716,0x120,S,8,027300021C1B2E64
10728,0x301,S,8,0000000000010002
10740,0x300,S,8,000000000245420C
10755,0x301,S,8,0000000000040002
10769,0x401,S,8,0000CC01BB240000
10786,0x301,S,8,0000000000040002
10802,0x401,S,8,0000CC01BB240000
10818,0x300,S,8,000000000245420C
10835,0x301,S,8,0000000000090002
10854,0x6F2020,E,8,FEFF73022E603000
10872,0x300,S,8,000000000245420C
10890,0x301,S,8,00000000000E0002
10910,0x401,S,8,0000CC01BB240000
10930,0x300,S,8,000000000245420C
10952,0x110,S,8,033E00C803001D00
10972,0x301,S,8,0000000000010002
11056,0x300,S,8,000000000245420C
11071,0x301,S,8,0000000000050002
11085,0x220201,E,8,000201E803004304
11101,0x400,S,8,4300000000000000
11117,0x220224,E,8,4200000000000000
11133,0x301,S,8,00000000000A0002
11149,0x110,S,8,033E00C803001D00
11167,0x120,S,8,027300021C1B2E64
11184,0x130,S,8,0000000002EE0000
11202,0x301,S,8,0000000000010002
11221,0x401,S,8,0000CC01BB240000
11239,0x300,S,8,000000000245420C
11259,0x301,S,8,0000000000060002
11278,0x400,S,8,4300000000000000
11299,0x300,S,8,000000000245420C
11318,0x301,S,8,00000000000B0002
11407,0x110,S,8,033E00C803001D00
11423,0x301,S,8,0000000000020002
11446,0x6F2020,E,8,FEFF73022E603000
11464,0x300,S,8,000000000245420C
11482,0x301,S,8,0000000000070002
11502,0x301,S,8,0000000000010002
11523,0x400,S,8,4300000000000000
11542,0x401,S,8,0000CC01BB240000
11563,0x301,S,8,0000000000060002
11583,0x110,S,8,033E00C803001D00
11605,0x300,S,8,000000000245420C
11628,0x301,S,8,0000000000010002
11650,0x6F2020,E,8,FEFF73022E603000
11671,0x301,S,8,0000000000060002
11694,0x300,S,8,000000000245420C
11717,0x301,S,8,00000000000B0002
11808,0x110,S,8,033E00C803001D00
11827,0x401,S,8,0000CC01BB240000
11848,0x301,S,8,0000000000020002
11867,0x400,S,8,4300000000000000
11889,0x301,S,8,0000000000070002
11910,0x301,S,8,0000000000110002
11933,0x110,S,8,033E00C803001D00
11954,0x300,S,8,000000000245420C
11978,0x301,S,8,0000000000030002
12002,0x300,S,8,000000000245420C
12026,0x301,S,8,0000000000080002
12057,0x110,S,8,033E00C803001D00
12082,0x220201,E,8,0156345832303358
12107,0x10303,E,8,0300000000000000
12137,0x601,S,8,14010100242D0000
12166,0x301,S,8,0000000000080002
12263,0x300,S,8,000000000245420C
12285,0x300,S,8,000000000245420C
12309,0x301,S,8,0000000000040002
12334,0x401,S,8,0000CC01BB240000
12359,0x301,S,8,0000000000090002
12386,0x301,S,8,0000000000080002
12413,0x6F2020,E,8,FEFF73022E603000
12440,0x301,S,8,00000000000D0002
12469,0x401,S,8,0000CC01BB240000
12537,0x110,S,8,033E00C803001D00
12603,0x300,S,8,000000000245420C
12662,0x301,S,8,0000000000040002
12723,0x400,S,8,4300000000000000
12786,0x110,S,8,033E00C803001D00
12846,0x6F2020,E,8,FEFF73022E603000
12917,0x300,S,8,000000000245420C
13050,0x301,S,8,0000000000050002
13109,0x301,S,8,00000000000A0002
13167,0x6F2020,E,8,FEFF73022E603000
13234,0x401,S,8,0000CC01BB240000
13298,0x301,S,8,0000000000010002
13401,0x300,S,8,000000000245420C
13447,0x301,S,8,0000000000070002
13490,0x301,S,8,0000000000010002
13533,0x401,S,8,0000CC01BB240000
13575,0x6F2020,E,8,FEFF73022E603000
13614,0x300,S,8,000000000245420C
13657,0x401,S,8,0000CC01BB240000
13699,0x300,S,8,000000000245420C
13743,0x6F2020,E,8,FEFF73022E603000
13788,0x301,S,8,00000000000D0002
13836,0x301,S,8,0000000000030002
13942,0x300,S,8,000000000245420C
13978,0x300,S,8,000000000245420C
14019,0x401,S,8,0000CC01BB240000
14061,0x6F2020,E,8,FEFF73022E603000
14112,0x401,S,8,0000CC01BB240000
14162,0x400,S,8,4300000000000000
14208,0x110,S,8,033E00C803001D00
14248,0x301,S,8,00000000000D0002
14292,0x301,S,8,0000000000120002
14338,0x110,S,8,033E00C803001D00
14382,0x301,S,8,0000000000040002
14429,0x300,S,8,000000000245420C
14482,0x401,S,8,0000CC01BB240000
14534,0x6F2020,E,8,FEFF73022E603000
14595,0x401,S,8,0000CC01BB240000
14651,0x300,S,8,000000000245420C
14768,0x301,S,8,0000000000010002
14808,0x300,S,8,000000000245420C
14856,0x6F2020,E,8,FEFF73022E603000
14893,0x300,S,8,000000000245420C
14940,0x401,S,8,0000CC01BB240000
14989,0x301,S,8,00000000000A0002
15040,0x301,S,8,00000000000F0002
15093,0x300,S,8,000000000245420C
15145,0x300,S,8,000000000245420C
15190,0x220201,E,8,000201E803004304
15238,0x601,S,8,1401010024310000
15290,0x401,S,8,0000CC01BB240000
15343,0x110,S,8,033E00C803001D00
15393,0x401,S,8,0000CC01BB240000
15446,0x400,S,8,4300000000000000
15500,0x401,S,8,0000CC01BB240000
15616,0x6F2020,E,8,FEFF73022E603000
15670,0x401,S,8,0000CC01BB240000
15715,0x300,S,8,000000000245420C
15762,0x400,S,8,4300000000000000
15818,0x300,S,8,000000000245420C
15871,0x301,S,8,00000000000C0002
15923,0x301,S,8,0000000000030002
15976,0x300,S,8,000000000245420C
16028,0x110,S,8,033E00C803001D00
16080,0x120,S,8,027300021C1B2E64
16136,0x301,S,8,0000000000040002
16194,0x301,S,8,0000000000010002
16251,0x10303,E,8,0300000000000000
16302,0x301,S,8,0000000000090002
16354,0x301,S,8,00000000000E0002
16411,0x401,S,8,0000CC01BB240000
16518,0x400,S,8,4300000000000000
16563,0x401,S,8,0000CC01BB240000
16622,0x6F2020,E,8,FEFF73022E603000
16678,0x401,S,8,0000CC01BB240000
16725,0x300,S,8,000000000245420C
16775,0x301,S,8,0000000000070002
16826,0x301,S,8,00000000000C0002
16879,0x301,S,8,0000000000020002
16938,0x110,S,8,033E00C803001D00
16993,0x401,S,8,0000CC01BB240000
17047,0x301,S,8,0000000000080002
17097,0x301,S,8,00000000000D0002
17150,0x110,S,8,033E00C803001D00
17195,0x220201,E,8,000201E803004304
17251,0x601,S,8,1401010024330000
17309,0x401,S,8,0000CC01BB240000
17425,0x300,S,8,000000000245420C
17481,0x401,S,8,0000CC01BB240000
17529,0x400,S,8,4300000000000000
17579,0x300,S,8,000000000245420C
17632,0x110,S,8,033E00C803001D00
17679,0x400,S,8,4300000000000000
6222,0x301,S,8,0000000000010002
6279,0x6F2020,E,8,FEFF73022E603000
6339,0x401,S,8,0000CC01BB240000
6396,0x300,S,8,000000000245420C
6451,0x301,S,8,0000000000060002
6507,0x300,S,8,000000000245420C
6562,0x301,S,8,00000000000B0002
6622,0x401,S,8,0000CC01BB240000
6684,0x300,S,8,000000000245420C
6814,0x300,S,8,000000000245420C
6895,0x301,S,8,0000000000110002
6947,0x301,S,8,0000000000030002
7004,0x301,S,8,0000000000080002
7062,0x300,S,8,000000000245420C
7119,0x300,S,8,000000000245420C
7179,0x300,S,8,000000000245420C
7236,0x300,S,8,000000000245420C
7288,0x301,S,8,00000000000D0002
7346,0x110,S,8,033E00C803001D00
8727,0x110,S,8,033E00C803001D00
8795,0x120,S,8,027300021C1B2E64
8862,0x130,S,8,0000000002EE0000
8926,0x301,S,8,0000000000010002
8985,0x300,S,8,000000000245420C
9014,0x301,S,8,0000000000040002
9139,0x401,S,8,0000CC01BB240000
9223,0x6F2020,E,8,FEFF73022E603000
9288,0x301,S,8,0000000000050002
9347,0x401,S,8,0000CC01BB240000
9409,0x301,S,8,0000000000050002
9468,0x301,S,8,00000000000A0002
9527,0x301,S,8,0000000000050002
9583,0x401,S,8,0000CC01BB240000
9640,0x300,S,8,000000000245420C
9697,0x301,S,8,0000000000010002
9759,0x301,S,8,0000000000060002
9822,0x300,S,8,000000000245420C
9888,0x400,S,8,4300000000000000
9958,0x601,S,8,1401010025270000
10022,0x110,S,8,033E00C803001D00
10081,0x301,S,8,0000000000070002
10142,0x301,S,8,0000000000010002
10274,0x401,S,8,0000CC01BB240000
10331,0x300,S,8,000000000245420C
10424,0x301,S,8,0000000000150002
10465,0x400,S,8,4300000000000000
10508,0x300,S,8,000000000245420C
10552,0x301,S,8,0000000000040002
10594,0x400,S,8,4300000000000000
10630,0x301,S,8,0000000000040002
10668,0x110,S,8,033E00C803001D00
10712,0x301,S,8,0000000000040002
10754,0x300,S,8,000000000245420C
10799,0x400,S,8,4300000000000000
10847,0x103C8,E,8,3F08E8C2E6CA79C2
10887,0x301,S,8,0000000000010002
10932,0x301,S,8,0000000000050002
10974,0x300,S,8,000000000245420C
11084,0x401,S,8,0000CC01BB240000
11119,0x400,S,8,4300000000000000
11160,0x401,S,8,0000CC01BB240000
11204,0x300,S,8,000000000245420C
11251,0x301,S,8,0000000000050002
11292,0x400,S,8,4300000000000000
11333,0x301,S,8,00000000000A0002
11374,0x301,S,8,00000000000F0002
11412,0x300,S,8,000000000245420C
11454,0x300,S,8,000000000245420C
11497,0x401,S,8,0000CC01BB240000
11542,0x301,S,8,0000000000060002
11588,0x401,S,8,0000CC01BB240000
11638,0x301,S,8,00000000000B0002
11685,0x300,S,8,000000000245420C
11729,0x401,S,8,0000CC01BB240000
11835,0x300,S,8,000000000245420C
11873,0x400,S,8,4300000000000000
11915,0x110,S,8,033E00C803001D00
11956,0x401,S,8,0000CC01BB240000
11999,0x301,S,8,0000000000070002
12037,0x400,S,8,4300000000000000
12081,0x301,S,8,00000000000C0002
12127,0x301,S,8,0000000000030002
12178,0x301,S,8,0000000000080002
12229,0x300,S,8,000000000245420C
12280,0x300,S,8,000000000245420C
12330,0x400,S,8,4300000000000000
12379,0x300,S,8,000000000245420C
12423,0x110,S,8,033E00C803001D00
12471,0x300,S,8,000000000245420C
12518,0x110,S,8,033E00C803001D00
12628,0x400,S,8,4300000000000000
12665,0x401,S,8,0000CC01BB240000
12705,0x110,S,8,033E00C803001D00
12745,0x301,S,8,0000000000040002
12787,0x301,S,8,0000000000090002
12833,0x103C8,E,8,86BCE7C2082E7AC2
12876,0x301,S,8,0000000000090002
12922,0x300,S,8,000000000245420C
12976,0x300,S,8,000000000245420C
13026,0x401,S,8,0000CC01BB240000
13081,0x400,S,8,4300000000000000
13138,0x301,S,8,0000000000040002
13185,0x301,S,8,0000000000090002
13237,0x301,S,8,0000000000010002
13298,0x301,S,8,0000000000050002
13343,0x400,S,8,4300000000000000
13453,0x110,S,8,033E00C803001D00
13497,0x401,S,8,0000CC01BB240000
13540,0x300,S,8,000000000245420C
13585,0x401,S,8,0000CC01BB240000
13631,0x400,S,8,4300000000000000
13676,0x300,S,8,000000000245420C
13729,0x401,S,8,0000CC01BB240000
13781,0x300,S,8,000000000245420C
13841,0x400,S,8,4300000000000000
13901,0x10303,E,8,0300000000000000
13959,0x301,S,8,0000000000100002
14007,0x300,S,8,000000000245420C
14058,0x401,S,8,0000CC01BB240000
14120,0x400,S,8,4300000000000000
14170,0x300,S,8,000000000245420C
14218,0x301,S,8,0000000000020002
14328,0x300,S,8,000000000245420C
14374,0x300,S,8,000000000245420C
14421,0x301,S,8,0000000000110002
14467,0x301,S,8,0000000000030002
14517,0x301,S,8,0000000000080002
14571,0x400,S,8,4300000000000000
14626,0x301,S,8,00000000000D0002
14682,0x301,S,8,0000000000030002
14742,0x301,S,8,0000000000080002
14801,0x301,S,8,0000000000030002
14851,0x301,S,8,0000000000080002
14904,0x10303,E,8,0300000000000000
14966,0x401,S,8,0000CC01BB240000
15020,0x300,S,8,000000000245420C
15071,0x300,S,8,000000000245420C
15124,0x300,S,8,000000000245420C
15243,0x300,S,8,000000000245420C
15298,0x301,S,8,0000000000040002
15347,0x301,S,8,0000000000090002
15394,0x301,S,8,0000000000010002
15450,0x301,S,8,0000000000060002
15509,0x300,S,8,000000000245420C
15569,0x300,S,8,000000000245420C
15630,0x300,S,8,000000000245420C
15693,0x401,S,8,0000CC01BB240000
15760,0x300,S,8,000000000245420C
15818,0x301,S,8,0000000000050002
15889,0x301,S,8,00000000000A0002
15947,0x220201,E,8,0248453430333032
16005,0x401,S,8,0000CC01BB240000
16060,0x300,S,8,000000000245420C
16119,0x301,S,8,0000000000060002
16236,0x110,S,8,033E00C803001D00
16288,0x300,S,8,000000000245420C
16342,0x300,S,8,000000000245420C
16401,0x301,S,8,0000000000070002
16460,0x6F2020,E,8,FEFF73022E603000
16517,0x300,S,8,000000000245420C
16579,0x110,S,8,033E00C803001D00
16642,0x400,S,8,4300000000000000
16695,0x300,S,8,000000000245420C
16753,0x301,S,8,0000000000030002
16820,0x301,S,8,0000000000080002
16877,0x400,S,8,4300000000000000
16934,0x103C8,E,8,A2D0E7C262E879C2
17022,0x401,S,8,0000CC01BB240000
17058,0x300,S,8,000000000245420C
17094,0x301,S,8,0000000000080002
17193,0x301,S,8,0000000000010002
17231,0x300,S,8,000000000245420C
17272,0x301,S,8,0000000000040002
17311,0x300,S,8,000000000245420C
17356,0x400,S,8,4300000000000000
17402,0x401,S,8,0000CC01BB240000
17439,0x300,S,8,000000000245420C
17478,0x301,S,8,0000000000010002
17527,0x300,S,8,000000000245420C
17564,0x6F2020,E,8,FEFF73022E603000
17601,0x300,S,8,000000000245420C
17638,0x300,S,8,000000000245420C
17677,0x401,S,8,0000CC01BB240000
17716,0x301,S,8,00000000000A0002
17754,0x301,S,8,0000000000030002
17793,0x220201,E,8,000201E803004304
17899,0x10303,E,8,0300000000000000
17945,0x301,S,8,00000000000D0002
17991,0x301,S,8,0000000000010002
18040,0x300,S,8,000000000245420C
18088,0x401,S,8,0000CC01BB240000
18128,0x300,S,8,000000000245420C
18168,0x110,S,8,033E00C803001D00
18216,0x401,S,8,0000CC01BB240000
18258,0x300,S,8,000000000245420C
18298,0x400,S,8,4300000000000000
18337,0x110,S,8,033E00C803001D00
18377,0x301,S,8,0000000000020002
18423,0x301,S,8,0000000000070002
18472,0x301,S,8,0000000000010002
18521,0x401,S,8,0000CC01BB240000
18570,0x400,S,8,4300000000000000
18684,0x301,S,8,00000000000B0002
18728,0x301,S,8,0000000000020002
18776,0x301,S,8,0000000000070002
18822,0x301,S,8,0000000000020002
18868,0x301,S,8,0000000000070002
18909,0x401,S,8,0000CC01BB240000
18953,0x300,S,8,000000000245420C
18995,0x110,S,8,033E00C803001D00
19043,0x301,S,8,0000000000020002
19095,0x301,S,8,0000000000070002
19151,0x301,S,8,00000000000C0002
19197,0x300,S,8,000000000245420C
19244,0x401,S,8,0000CC01BB240000
19292,0x300,S,8,000000000245420C
19339,0x400,S,8,4300000000000000
19385,0x300,S,8,000000000245420C
19498,0x401,S,8,0000CC01BB240000
19547,0x300,S,8,000000000245420C
19592,0x401,S,8,0000CC01BB240000
19639,0x400,S,8,4300000000000000
19683,0x401,S,8,0000CC01BB240000
19729,0x300,S,8,000000000245420C
19782,0x300,S,8,000000000245420C
19836,0x400,S,8,4300000000000000
19890,0x103C8,E,8,1B9DE7C27CCC79C2
19947,0x401,S,8,0000CC01BB240000
19997,0x300,S,8,000000000245420C
20058,0x401,S,8,0000CC01BB240000
20112,0x400,S,8,4300000000000000
20164,0x401,S,8,0000CC01BB240000
20220,0x300,S,8,000000000245420C
20281,0x110,S,8,033E00C803001D00
20411,0x300,S,8,000000000245420C
20461,0x300,S,8,000000000245420C
20513,0x301,S,8,0000000000110002
20568,0x301,S,8,0000000000020002
20625,0x301,S,8,0000000000070002
20675,0x301,S,8,00000000000C0002
20723,0x301,S,8,0000000000030002
20779,0x301,S,8,0000000000080002
20832,0x301,S,8,00000000000D0002
20886,0x301,S,8,0000000000120002
20943,0x301,S,8,0000000000040002
21007,0x301,S,8,0000000000090002
21059,0x401,S,8,0000CC01BB240000
21112,0x400,S,8,4300000000000000
21166,0x401,S,8,0000CC01BB240000
21217,0x300,S,8,000000000245420C
21340,0x300,S,8,000000000245420C
21392,0x301,S,8,0000000000090002
21446,0x6F2020,E,8,FEFF73022E603000
21502,0x110,S,8,033E00C803001D00
21561,0x301,S,8,0000000000050002
21613,0x400,S,8,4300000000000000
21662,0x401,S,8,0000CC01BB240000
21714,0x300,S,8,000000000245420C
21764,0x300,S,8,000000000245420C
21821,0x301,S,8,0000000000040002
21877,0x220201,E,8,0248453430333032
21933,0x301,S,8,00000000000E0002
21994,0x301,S,8,0000000000010002
22056,0x301,S,8,0000000000060002
22116,0x301,S,8,0000000000010002
22170,0x301,S,8,0000000000050002
22288,0x110,S,8,033E00C803001D00
22339,0x401,S,8,0000CC01BB240000
22385,0x300,S,8,000000000245420C
22440,0x6F2020,E,8,FEFF73022E603000
22494,0x301,S,8,0000000000020002
22552,0x401,S,8,0000CC01BB240000
22609,0x400,S,8,4300000000000000
22671,0x110,S,8,033E00C803001D00
22731,0x300,S,8,000000000245420C
22786,0x401,S,8,0000CC01BB240000
22841,0x300,S,8,000000000245420C
22900,0x220201,E,8,0156345832303358
22959,0x301,S,8,0000000000110002
23024,0x300,S,8,000000000245420C
23091,0x130,S,8,0000000002EE0000
23148,0x400,S,8,4300000000000000
23280,0x300,S,8,000000000245420C
23337,0x301,S,8,0000000000030002
23394,0x301,S,8,0000000000080002
23453,0x400,S,8,4300000000000000
23515,0x300,S,8,000000000245420C
23583,0x401,S,8,0000CC01BB240000
23646,0x400,S,8,4300000000000000
23705,0x300,S,8,000000000245420C
23799,0x110,S,8,033E00C803001D00
23840,0x301,S,8,0000000000040002
23884,0x400,S,8,4300000000000000
23932,0x601,S,8,1401010025350000
23970,0x300,S,8,000000000245420C
24009,0x300,S,8,000000000245420C
24050,0x401,S,8,0000CC01BB240000
24087,0x110,S,8,033E00C803001D00
24192,0x300,S,8,000000000245420C
24229,0x301,S,8,0000000000060002
24270,0x130,S,8,0000000002EE0000
24316,0x300,S,8,000000000245420C
24354,0x301,S,8,00000000000A0002
24393,0x401,S,8,0000CC01BB240000
24433,0x300,S,8,000000000245420C
24466,0x301,S,8,0000000000060002
24509,0x301,S,8,0000000000010002
24553,0x6F2020,E,8,FEFF73022E603000
24598,0x401,S,8,0000CC01BB240000
24645,0x110,S,8,033E00C803001D00
24694,0x301,S,8,0000000000020002
24748,0x301,S,8,0000000000070002
24785,0x300,S,8,000000000245420C
24827,0x401,S,8,0000CC01BB240000
24944,0x600,S,8,0000000000000000
24985,0x401,S,8,0000CC01BB240000
25030,0x300,S,8,000000000245420C
25077,0x401,S,8,0000CC01BB240000
25126,0x301,S,8,0000000000070002
25162,0x300,S,8,000000000245420C
25200,0x401,S,8,0000CC01BB240000
25242,0x300,S,8,000000000245420C
25297,0x400,S,8,4300000000000000
25352,0x301,S,8,00000000000D0002
25404,0x110,S,8,033E00C803001D00
25451,0x300,S,8,000000000245420C
25496,0x300,S,8,000000000245420C
25545,0x401,S,8,0000CC01BB240000
25590,0x300,S,8,000000000245420C
25640,0x110,S,8,033E00C803001D00
25749,0x300,S,8,000000000245420C
25798,0x401,S,8,0000CC01BB240000
25840,0x300,S,8,000000000245420C
25880,0x400,S,8,4300000000000000
25930,0x10303,E,8,0300000000000000
25975,0x300,S,8,000000000245420C
26025,0x300,S,8,000000000245420C
26077,0x400,S,8,4300000000000000
26133,0x401,S,8,0000CC01BB240000
26189,0x300,S,8,000000000245420C
26234,0x301,S,8,0000000000010002
26283,0x301,S,8,0000000000050002
26335,0x301,S,8,00000000000A0002
26388,0x110,S,8,033E00C803001D00
26448,0x401,S,8,0000CC01BB240000
26508,0x110,S,8,033E00C803001D00
26628,0x401,S,8,0000CC01BB240000
26677,0x400,S,8,4300000000000000
26723,0x110,S,8,033E00C803001D00
26772,0x300,S,8,000000000245420C
26821,0x120,S,8,027300021C1B2E64
26863,0x10303,E,8,0300000000000000
26913,0x110,S,8,033E00C803001D00
26966,0x301,S,8,0000000000020002
27023,0x301,S,8,0000000000070002
27080,0x301,S,8,0000000000020002
27138,0x6F2020,E,8,FEFF73022E603000
27194,0x301,S,8,00000000000C0002
27245,0x301,S,8,0000000000020002
27299,0x301,S,8,0000000000070002
27354,0x301,S,8,00000000000C0002
27411,0x300,S,8,000000000245420C
27528,0x401,S,8,0000CC01BB240000
27581,0x300,S,8,000000000245420C
27636,0x401,S,8,0000CC01BB240000
27693,0x300,S,8,000000000245420C
27742,0x300,S,8,000000000245420C
27796,0x300,S,8,000000000245420C
27845,0x400,S,8,4300000000000000
27900,0x103C8,E,8,BC0BE8C2474979C2
27957,0x401,S,8,0000CC01BB240000
28018,0x300,S,8,000000000245420C
28074,0x401,S,8,0000CC01BB240000
28129,0x400,S,8,4300000000000000
28185,0x300,S,8,000000000245420C
28238,0x300,S,8,000000000245420C
28297,0x301,S,8,00000000000A0002
28357,0x301,S,8,0000000000020002
28477,0x301,S,8,0000000000070002
28530,0x401,S,8,0000CC01BB240000
28585,0x300,S,8,000000000245420C
28647,0x401,S,8,0000CC01BB240000
28706,0x300,S,8,000000000245420C
28767,0x401,S,8,0000CC01BB240000
28820,0x300,S,8,000000000245420C
28874,0x400,S,8,4300000000000000
28931,0x110,S,8,033E00C803001D00
28990,0x300,S,8,000000000245420C
29052,0x301,S,8,0000000000010002
29117,0x301,S,8,0000000000060002
29176,0x301,S,8,00000000000B0002
29233,0x300,S,8,000000000245420C
29294,0x110,S,8,033E00C803001D00
29352,0x300,S,8,000000000245420C
29473,0x6F2020,E,8,FEFF73022E603000
29529,0x301,S,8,0000000000110002
29583,0x300,S,8,000000000245420C
29640,0x110,S,8,033E00C803001D00
29699,0x300,S,8,000000000245420C
29760,0x301,S,8,0000000000030002
29819,0x300,S,8,000000000245420C
29877,0x400,S,8,4400000000000000
29938,0x600,S,8,0000000000000000
29995,0x300,S,8,000000000245420C
30056,0x301,S,8,0000000000030002
30119,0x301,S,8,0000000000080002
30185,0x301,S,8,0000000000010002
30252,0x300,S,8,000000000245420C
30325,0x401,S,8,0000CC01BB240000
30404,0x300,S,8,000000000245420C
30533,0x6F2020,E,8,FEFF73022E603000
30597,0x401,S,8,0000CC01BB240000
30659,0x110,S,8,033E00C803001D00
30726,0x301,S,8,0000000000060002
30769,0x300,S,8,000000000245420C
30810,0x300,S,8,000000000245420C
30846,0x401,S,8,0000CC01BB240000
30884,0x301,S,8,0000000000100002
30924,0x301,S,8,0000000000020002
30970,0x301,S,8,0000000000070002
31017,0x301,S,8,0000000000020002
31065,0x400,S,8,4400000000000000
31116,0x401,S,8,0000CC01BB240000
31159,0x301,S,8,00000000000C0002
31204,0x301,S,8,0000000000020002
31251,0x301,S,8,0000000000070002
31358,0x301,S,8,00000000000C0002
31396,0x6F2020,E,8,FEFF73022E603000
31441,0x300,S,8,000000000245420C
31480,0x300,S,8,000000000245420C
31519,0x300,S,8,000000000245420C
31559,0x6F2020,E,8,FEFF73022E603000
31604,0x401,S,8,0000CC01BB240000
31650,0x300,S,8,000000000245420C
31705,0x401,S,8,0000CC01BB240000
31746,0x301,S,8,0000000000030002
31800,0x301,S,8,0000000000080002
31844,0x300,S,8,000000000245420C
31889,0x601,S,8,1401010026010000
31937,0x300,S,8,000000000245420C
31982,0x300,S,8,000000000245420C
32024,0x401,S,8,0000CC01BB240000
32128,0x400,S,8,4400000000000000
32165,0x401,S,8,0000CC01BB240000
32203,0x300,S,8,000000000245420C
32250,0x301,S,8,0000000000050002
32300,0x301,S,8,00000000000A0002
32356,0x300,S,8,000000000245420C
32409,0x301,S,8,00000000000D0002
32453,0x300,S,8,000000000245420C
32503,0x300,S,8,000000000245420C
32558,0x300,S,8,000000000245420C
32606,0x300,S,8,000000000245420C
32652,0x301,S,8,00000000000A0002
32698,0x110,S,8,033E00C803001D00
32745,0x300,S,8,000000000245420C
32795,0x300,S,8,000000000245420C
32843,0x300,S,8,000000000245420C
32949,0x601,S,8,1401010026030000
32995,0x401,S,8,0000CC01BB240000
33042,0x110,S,8,033E00C803001D00
33093,0x401,S,8,0000CC01BB240000
33150,0x400,S,8,4400000000000000
33205,0x300,S,8,000000000245420C
33251,0x401,S,8,0000CC01BB240000
33301,0x400,S,8,4400000000000000
33358,0x401,S,8,0000CC01BB240000
33406,0x300,S,8,000000000245420C
33452,0x300,S,8,000000000245420C
33499,0x300,S,8,000000000245420C
33550,0x401,S,8,0000CC01BB240000
33598,0x300,S,8,000000000245420C
33648,0x300,S,8,000000000245420C
33698,0x300,S,8,000000000245420C
33808,0x401,S,8,0000CC01BB240000
33856,0x300,S,8,000000000245420C
33907,0x400,S,8,4300000000000000
33966,0x103C8,E,8,E813E8C2CD367AC2
34023,0x401,S,8,0000CC01BB240000
34075,0x301,S,8,0000000000090002
34125,0x300,S,8,000000000245420C
34184,0x300,S,8,000000000245420C
34233,0x110,S,8,033E00C803001D00
34282,0x301,S,8,0000000000040002
34333,0x301,S,8,0000000000090002
34380,0x301,S,8,00000000000E0002
34431,0x401,S,8,0000CC01BB240000
34482,0x300,S,8,000000000245420C
34530,0x401,S,8,0000CC01BB240000
34582,0x400,S,8,4300000000000000
34699,0x301,S,8,00000000000A0002
34752,0x301,S,8,0000000000010002
34807,0x401,S,8,0000CC01BB240000
34870,0x301,S,8,0000000000010002
34921,0x400,S,8,4300000000000000
34972,0x110,S,8,033E00C803001D00
35042,0x300,S,8,000000000245420C
35091,0x301,S,8,0000000000010002
35140,0x301,S,8,0000000000050002
35189,0x301,S,8,00000000000A0002
35239,0x301,S,8,0000000000010002
35289,0x300,S,8,000000000245420C
35340,0x400,S,8,4300000000000000
35388,0x110,S,8,033E00C803001D00
35436,0x401,S,8,0000CC01BB240000
35491,0x110,S,8,033E00C803001D00
35615,0x401,S,8,0000CC01BB240000
35671,0x400,S,8,4300000000000000
35728,0x401,S,8,0000CC01BB240000
35778,0x300,S,8,000000000245420C
35831,0x401,S,8,0000CC01BB240000
35890,0x220201,E,8,0248453430333032
35941,0x301,S,8,0000000000110002
35996,0x300,S,8,000000000245420C
36047,0x110,S,8,033E00C803001D00
36099,0x400,S,8,4300000000000000
36151,0x401,S,8,0000CC01BB240000
36201,0x300,S,8,000000000245420C
36256,0x401,S,8,0000CC01BB240000
36311,0x300,S,8,000000000245420C
36370,0x300,S,8,000000000245420C
36429,0x300,S,8,000000000245420C
36559,0x300,S,8,000000000245420C
36616,0x300,S,8,000000000245420C
36675,0x110,S,8,033E00C803001D00
36728,0x301,S,8,0000000000040002
36792,0x300,S,8,000000000245420C
36845,0x301,S,8,00000000000A0002
36897,0x220201,E,8,0248453430333032
36950,0x301,S,8,0000000000140002
37003,0x300,S,8,000000000245420C
37059,0x401,S,8,0000CC01BB240000
37115,0x300,S,8,000000000245420C
37174,0x401,S,8,0000CC01BB240000
37228,0x300,S,8,000000000245420C
37288,0x110,S,8,033E00C803001D00
37350,0x301,S,8,0000000000060002
37451,0x6F2020,E,8,FEFF73022E603000
37568,0x301,S,8,0000000000100002
37611,0x301,S,8,0000000000020002
37657,0x401,S,8,0000CC01BB240000
37695,0x300,S,8,000000000245420C
37730,0x300,S,8,000000000245420C
37769,0x301,S,8,00000000000C0002
37807,0x220201,E,8,0248453430333032
37850,0x301,S,8,0000000000030002
37895,0x401,S,8,0000CC01BB240000
37942,0x110,S,8,033E00C803001D00
37986,0x301,S,8,0000000000020002
38025,0x301,S,8,0000000000070002
38066,0x300,S,8,000000000245420C
38108,0x401,S,8,0000CC01BB240000
38149,0x300,S,8,000000000245420C
38196,0x401,S,8,0000CC01BB240000
38306,0x301,S,8,0000000000030002
38352,0x301,S,8,0000000000080002
38395,0x6F2020,E,8,FEFF73022E603000
38441,0x300,S,8,000000000245420C
38476,0x401,S,8,0000CC01BB240000
38516,0x301,S,8,0000000000030002
38554,0x300,S,8,000000000245420C
38599,0x300,S,8,000000000245420C
38643,0x300,S,8,000000000245420C
38691,0x401,S,8,0000CC01BB240000
38740,0x301,S,8,0000000000090002
38785,0x300,S,8,000000000245420C
38827,0x220201,E,8,000201E803004304
38870,0x600,S,8,0000000000000000
38914,0x401,S,8,0000CC01BB240000
38960,0x300,S,8,000000000245420C
39074,0x401,S,8,0000CC01BB240000
39121,0x301,S,8,0000000000010002
39166,0x301,S,8,0000000000040002
39205,0x301,S,8,0000000000090002
39248,0x110,S,8,033E00C803001D00
39291,0x400,S,8,4400000000000000
39339,0x301,S,8,00000000000F0002
39389,0x301,S,8,0000000000010002
39440,0x301,S,8,0000000000060002
39493,0x110,S,8,033E00C803001D00
39544,0x401,S,8,0000CC01BB240000
39589,0x400,S,8,4400000000000000
39634,0x110,S,8,033E00C803001D00
39677,0x300,S,8,000000000245420C
39728,0x401,S,8,0000CC01BB240000
39774,0x300,S,8,000000000245420C
39886,0x400,S,8,4400000000000000
39937,0x103C8,E,8,9D61E7C205F979C2
39991,0x301,S,8,0000000000100002
40035,0x300,S,8,000000000245420C
40081,0x301,S,8,0000000000070002
40126,0x401,S,8,0000CC01BB240000
40173,0x300,S,8,000000000245420C
40221,0x401,S,8,0000CC01BB240000
40273,0x300,S,8,000000000245420C
40337,0x400,S,8,4400000000000000
40393,0x301,S,8,0000000000050002
40436,0x301,S,8,00000000000A0002
40485,0x301,S,8,0000000000010002
40533,0x301,S,8,0000000000040002
40583,0x400,S,8,4400000000000000
40637,0x401,S,8,0000CC01BB240000
40765,0x300,S,8,000000000245420C
40809,0x401,S,8,0000CC01BB240000
40859,0x300,S,8,000000000245420C
40910,0x400,S,8,4400000000000000
40964,0x103C8,E,8,15C8E7C282C979C2
41021,0x301,S,8,0000000000010002
41075,0x301,S,8,0000000000050002
41123,0x6F2020,E,8,FEFF73022E603000
41166,0x301,S,8,0000000000010002
41212,0x301,S,8,0000000000060002
41259,0x301,S,8,0000000000010002
41309,0x301,S,8,0000000000060002
41364,0x301,S,8,00000000000B0002
41421,0x301,S,8,0000000000100002
41482,0x301,S,8,0000000000020002
41533,0x301,S,8,0000000000070002
41653,0x300,S,8,000000000245420C
41696,0x6F2020,E,8,FEFF73022E603000
41746,0x301,S,8,00000000000C0002
41794,0x401,S,8,0000CC01BB240000
41848,0x300,S,8,000000000245420C
41900,0x300,S,8,000000000245420C
41956,0x300,S,8,000000000245420C
42014,0x300,S,8,000000000245420C
42072,0x401,S,8,0000CC01BB240000
42122,0x300,S,8,000000000245420C
42172,0x300,S,8,000000000245420C
42223,0x301,S,8,0000000000080002
42280,0x301,S,8,0000000000030002
42336,0x301,S,8,0000000000080002
42393,0x301,S,8,00000000000D0002
42453,0x110,S,8,033E00C803001D00
42583,0x301,S,8,0000000000040002
42631,0x401,S,8,0000CC01BB240000
42685,0x400,S,8,4400000000000000
42740,0x401,S,8,0000CC01BB240000
42797,0x300,S,8,000000000245420C
42853,0x400,S,8,4400000000000000
42907,0x103C8,E,8,8EEFE7C21DC979C2
42962,0x401,S,8,0000CC01BB240000
43017,0x300,S,8,000000000245420C
43072,0x300,S,8,000000000245420C
43131,0x300,S,8,000000000245420C
43193,0x301,S,8,00000000000A0002
43258,0x301,S,8,0000000000010002
43319,0x301,S,8,0000000000050002
43373,0x301,S,8,00000000000A0002
43429,0x110,S,8,033E00C803001D00
44480,0x401,S,8,0000CC01BB240000
44538,0x301,S,8,0000000000010002
44599,0x301,S,8,0000000000060002
44660,0x301,S,8,00000000000B0002
44717,0x300,S,8,000000000245420C
44770,0x401,S,8,0000CC01BB240000
44828,0x300,S,8,000000000245420C
44888,0x220201,E,8,000201E803004304
44947,0x110,S,8,033E00C803001D00
45021,0x301,S,8,0000000000050002
45122,0x301,S,8,0000000000010002
45169,0x301,S,8,0000000000040002
45211,0x401,S,8,0000CC01BB240000
45249,0x300,S,8,000000000245420C
45288,0x301,S,8,0000000000010002
45332,0x301,S,8,00000000000A0002
45436,0x301,S,8,00000000000F0002
45479,0x301,S,8,0000000000010002
45515,0x300,S,8,000000000245420C
45550,0x401,S,8,0000CC01BB240000
45587,0x400,S,8,4400000000000000
45625,0x110,S,8,033E00C803001D00
45665,0x401,S,8,0000CC01BB240000
45705,0x301,S,8,0000000000060002
45749,0x300,S,8,000000000245420C
45795,0x400,S,8,4400000000000000
45847,0x301,S,8,0000000000100002
45891,0x301,S,8,0000000000150002
45931,0x300,S,8,000000000245420C
45975,0x300,S,8,000000000245420C
46018,0x401,S,8,0000CC01BB240000
46066,0x300,S,8,000000000245420C
46183,0x401,S,8,0000CC01BB240000
46221,0x300,S,8,000000000245420C
46265,0x301,S,8,0000000000080002
46312,0x301,S,8,0000000000070002
46356,0x400,S,8,4400000000000000
46395,0x401,S,8,0000CC01BB240000
46436,0x301,S,8,0000000000030002
46476,0x301,S,8,0000000000080002
46518,0x301,S,8,0000000000030002
46562,0x6F2020,E,8,FEFF73022E603000
46610,0x401,S,8,0000CC01BB240000
46656,0x301,S,8,0000000000040002
46708,0x401,S,8,0000CC01BB240000
46761,0x301,S,8,0000000000090002
46814,0x110,S,8,033E00C803001D00
46856,0x220201,E,8,0156345832303358
46974,0x300,S,8,000000000245420C
47013,0x110,S,8,033E00C803001D00
47059,0x301,S,8,0000000000040002
47108,0x110,S,8,033E00C803001D00
47157,0x300,S,8,000000000245420C
47206,0x401,S,8,0000CC01BB240000
47252,0x301,S,8,0000000000050002
47297,0x301,S,8,00000000000A0002
47347,0x6F2020,E,8,FEFF73022E603000
47399,0x130,S,8,0000000002EE0000
47456,0x301,S,8,0000000000050002
47506,0x300,S,8,000000000245420C
47554,0x400,S,8,4400000000000000
47599,0x300,S,8,000000000245420C
47645,0x110,S,8,033E00C803001D00
47698,0x300,S,8,000000000245420C
47810,0x110,S,8,033E00C803001D00
47855,0x300,S,8,000000000245420C
47906,0x401,S,8,0000CC01BB240000
47959,0x600,S,8,0000000000000000
48013,0x110,S,8,033E00C803001D00
48059,0x301,S,8,0000000000010002
48107,0x6F2020,E,8,FEFF73022E603000
48157,0x301,S,8,00000000000B0002
48209,0x301,S,8,0000000000020002
48262,0x301,S,8,0000000000070002
48320,0x301,S,8,00000000000C0002
48369,0x300,S,8,000000000245420C
48416,0x300,S,8,000000000245420C
48465,0x301,S,8,0000000000080002
48517,0x301,S,8,0000000000020002
48569,0x301,S,8,0000000000070002
48683,0x301,S,8,00000000000C0002
48730,0x301,S,8,0000000000030002
48778,0x301,S,8,0000000000080002
48832,0x301,S,8,0000000000030002
48887,0x301,S,8,0000000000080002
48938,0x401,S,8,0000CC01BB240000
48985,0x300,S,8,000000000245420C
49031,0x401,S,8,0000CC01BB240000
49082,0x400,S,8,4400000000000000
49135,0x401,S,8,0000CC01BB240000
49190,0x300,S,8,000000000245420C
49245,0x401,S,8,0000CC01BB240000
49304,0x110,S,8,033E00C803001D00
49365,0x400,S,8,4400000000000000
49420,0x300,S,8,000000000245420C
49469,0x401,S,8,0000CC01BB240000
49582,0x300,S,8,000000000245420C
49636,0x300,S,8,000000000245420C
49690,0x6F2020,E,8,FEFF73022E603000
49747,0x301,S,8,0000000000090002
49803,0x301,S,8,0000000000010002
49859,0x400,S,8,4400000000000000
49906,0x103C8,E,8,C7F6E7C297BB79C2
49960,0x401,S,8,0000CC01BB240000
50017,0x110,S,8,033E00C803001D00
50075,0x300,S,8,000000000245420C
50133,0x6F2020,E,8,FEFF73022E603000
50190,0x301,S,8,0000000000100002
50241,0x301,S,8,0000000000150002
50293,0x301,S,8,0000000000020002
50361,0x301,S,8,0000000000070002
50414,0x300,S,8,000000000245420C
50535,0x401,S,8,0000CC01BB240000
50586,0x300,S,8,000000000245420C
50643,0x401,S,8,0000CC01BB240000
50703,0x6F2020,E,8,FEFF73022E603000
50759,0x110,S,8,033E00C803001D00
50810,0x300,S,8,000000000245420C
50859,0x400,S,8,4400000000000000
50911,0x600,S,8,0000000000000000
50968,0x300,S,8,000000000245420C
51024,0x301,S,8,0000000000040002
51086,0x110,S,8,033E00C803001D00
51147,0x6F2020,E,8,FEFF73022E603000
51207,0x301,S,8,0000000000090002
51263,0x301,S,8,0000000000010002
51319,0x301,S,8,0000000000050002
51374,0x400,S,8,4400000000000000
51496,0x110,S,8,033E00C803001D00
51551,0x300,S,8,000000000245420C
51609,0x301,S,8,0000000000010002
51665,0x301,S,8,0000000000050002
51727,0x301,S,8,00000000000A0002
51826,0x110,S,8,033E00C803001D00
51871,0x300,S,8,000000000245420C
51903,0x220201,E,8,0156345832303358
51941,0x301,S,8,0000000000100002
51975,0x300,S,8,000000000245420C
52011,0x400,S,8,4400000000000000
52049,0x301,S,8,0000000000060002
52086,0x300,S,8,000000000245420C
52122,0x130,S,8,0000000002EE0000
52159,0x301,S,8,0000000000020002
52205,0x301,S,8,0000000000070002
52312,0x300,S,8,000000000245420C
52353,0x400,S,8,4400000000000000
52396,0x6F2020,E,8,FFFF73022E603000
52445,0x301,S,8,0000000000030002
52492,0x300,S,8,000000000245420C
52540,0x301,S,8,0000000000080002
52576,0x300,S,8,000000000245420C
52613,0x300,S,8,000000000245420C
52650,0x300,S,8,000000000245420C
52688,0x401,S,8,0000CC01BB240000
52725,0x300,S,8,000000000245420C
52763,0x400,S,8,4400000000000000
52802,0x220201,E,8,0248453430333032
52840,0x601,S,8,1401010026170000
52887,0x401,S,8,0000CC01BB240000
52930,0x301,S,8,0000000000040002
53039,0x110,S,8,033E00C803001D00
53084,0x300,S,8,000000000245420C
53131,0x400,S,8,4400000000000000
53176,0x401,S,8,0000CC01BB240000
53226,0x300,S,8,000000000245420C
53265,0x120,S,8,027300021C1B2E64
53304,0x400,S,8,4400000000000000
53342,0x300,S,8,000000000245420C
53384,0x401,S,8,0000CC01BB240000
53424,0x300,S,8,000000000245420C
53466,0x301,S,8,0000000000050002
53505,0x300,S,8,000000000245420C
53551,0x400,S,8,4400000000000000
53599,0x301,S,8,00000000000A0002
53641,0x300,S,8,000000000245420C
53684,0x301,S,8,0000000000010002
53800,0x300,S,8,000000000245420C
53846,0x300,S,8,000000000245420C
53893,0x220201,E,8,000201E803004304
53944,0x10303,E,8,0300000000000000
53986,0x401,S,8,0000CC01BB240000
54029,0x300,S,8,000000000245420C
54075,0x300,S,8,000000000245420C
54117,0x120,S,8,027300021C1B2E64
54162,0x300,S,8,000000000245420C
54206,0x401,S,8,0000CC01BB240000
54249,0x300,S,8,000000000245420C
54296,0x301,S,8,0000000000060002
54349,0x6F2020,E,8,FEFF73022E603000
54395,0x301,S,8,0000000000100002
54443,0x300,S,8,000000000245420C
54494,0x300,S,8,000000000245420C
54611,0x130,S,8,0000000002EE0000
54661,0x401,S,8,0000CC01BB240000
54717,0x300,S,8,000000000245420C
54758,0x401,S,8,0000CC01BB240000
54803,0x300,S,8,000000000245420C
54847,0x220201,E,8,0248453430333032
54891,0x301,S,8,0000000000170002
54936,0x301,S,8,00000000001C0002
54978,0x301,S,8,0000000000030002
55024,0x300,S,8,000000000245420C
55072,0x300,S,8,000000000245420C
55139,0x401,S,8,0000CC01BB240000
55188,0x300,S,8,000000000245420C
55239,0x401,S,8,0000CC01BB240000
55291,0x301,S,8,0000000000040002
55346,0x301,S,8,0000000000090002
55467,0x300,S,8,000000000245420C
55525,0x401,S,8,0000CC01BB240000
55569,0x300,S,8,000000000245420C
55616,0x401,S,8,0000CC01BB240000
55665,0x300,S,8,000000000245420C
55712,0x301,S,8,0000000000050002
55760,0x300,S,8,000000000245420C
55810,0x301,S,8,0000000000040002
55859,0x220201,E,8,0248453430333032
55907,0x301,S,8,00000000000E0002
55964,0x301,S,8,0000000000010002
56017,0x301,S,8,0000000000050002
56070,0x120,S,8,027300021C1B2E64
56125,0x6F2020,E,8,FEFF73022E603000
56186,0x301,S,8,00000000000A0002
56242,0x301,S,8,0000000000010002
56374,0x301,S,8,0000000000060002
56423,0x301,S,8,00000000000B0002
56471,0x301,S,8,0000000000100002
56522,0x401,S,8,0000CC01BB240000
56572,0x110,S,8,033E00C803001D00
56624,0x301,S,8,00000000000B0002
56675,0x301,S,8,0000000000020002
56730,0x301,S,8,0000000000070002
56786,0x301,S,8,0000000000020002
56840,0x301,S,8,0000000000070002
56899,0x301,S,8,00000000000C0002
56961,0x301,S,8,0000000000110002
57025,0x300,S,8,000000000245420C
57084,0x110,S,8,033E00C803001D00
57140,0x400,S,8,4400000000000000
57195,0x300,S,8,000000000245420C
57320,0x301,S,8,0000000000030002
57376,0x301,S,8,0000000000080002
57430,0x400,S,8,4400000000000000
57486,0x300,S,8,000000000245420C
57542,0x401,S,8,0000CC01BB240000
57598,0x301,S,8,0000000000090002
57661,0x401,S,8,0000CC01BB240000
57722,0x300,S,8,000000000245420C
57784,0x401,S,8,0000CC01BB240000
57838,0x300,S,8,000000000245420C
57897,0x300,S,8,000000000245420C
57955,0x601,S,8,14010100261B0000
58018,0x301,S,8,0000000000180002
58083,0x401,S,8,0000CC01BB240000
58146,0x400,S,8,4400000000000000
58210,0x401,S,8,0000CC01BB240000
58379,0x300,S,8,000000000245420C
58420,0x301,S,8,0000000000010002
58463,0x400,S,8,4400000000000000
58497,0x300,S,8,000000000245420C
58539,0x301,S,8,0000000000010002
58578,0x401,S,8,0000CC01BB240000
58616,0x301,S,8,00000000000B0002
58654,0x301,S,8,0000000000010002
58698,0x300,S,8,000000000245420C
58743,0x300,S,8,000000000245420C
58790,0x400,S,8,4400000000000000
58835,0x6F2020,E,8,FEFF73022E603000
58875,0x300,S,8,000000000245420C
58916,0x300,S,8,000000000245420C
58956,0x300,S,8,000000000245420C
59001,0x401,S,8,0000CC01BB240000
59113,0x400,S,8,4400000000000000
59148,0x301,S,8,00000000000C0002
59192,0x301,S,8,0000000000030002
59240,0x300,S,8,000000000245420C
59291,0x300,S,8,000000000245420C
59328,0x6F2020,E,8,FEFF73022E603000
59375,0x300,S,8,000000000245420C
59418,0x401,S,8,0000CC01BB240000
59458,0x300,S,8,000000000245420C
59501,0x401,S,8,0000CC01BB240000
59548,0x400,S,8,4400000000000000
59598,0x301,S,8,0000000000080002
59650,0x110,S,8,033E00C803001D00
59696,0x301,S,8,0000000000040002
59740,0x300,S,8,000000000245420C
59783,0x300,S,8,000000000245420C
59890,0x220201,E,8,000201E803004304
59935,0x600,S,8,0000000000000000
59980,0x401,S,8,0000CC01BB240000
60017,0x300,S,8,000000000245420C
60056,0x401,S,8,0000CC01BB240000
60113,0x401,S,8,0000CC01BB240000
60164,0x300,S,8,000000000245420C
60218,0x401,S,8,0000CC01BB240000
60270,0x301,S,8,0000000000130002
60315,0x301,S,8,0000000000180002
60362,0x6F2020,E,8,FEFF73022E603000
60407,0x301,S,8,0000000000020002
60455,0x301,S,8,0000000000070002
60504,0x301,S,8,0000000000020002
60557,0x301,S,8,0000000000070002
60612,0x6F2020,E,8,FEFF73022E603000
60720,0x301,S,8,0000000000020002
60765,0x300,S,8,000000000245420C
60815,0x300,S,8,000000000245420C
60855,0x300,S,8,000000000245420C
60901,0x220201,E,8,0156345832303358
60946,0x301,S,8,0000000000030002
60998,0x301,S,8,0000000000080002
61053,0x301,S,8,0000000000030002
61104,0x6F2020,E,8,FEFF73022E603000
61150,0x300,S,8,000000000245420C
61199,0x300,S,8,000000000245420C
61250,0x300,S,8,000000000245420C
61302,0x300,S,8,000000000245420C
61356,0x300,S,8,000000000245420C
61411,0x300,S,8,000000000245420C
61468,0x300,S,8,000000000245420C
61582,0x300,S,8,000000000245420C
61636,0x300,S,8,000000000245420C
61688,0x300,S,8,000000000245420C
61738,0x301,S,8,0000000000090002
61786,0x110,S,8,033E00C803001D00
61835,0x400,S,8,4400000000000000
61882,0x10303,E,8,0300000000000000
61932,0x401,S,8,0000CC01BB240000
61988,0x300,S,8,000000000245420C
62042,0x401,S,8,0000CC01BB240000
62090,0x400,S,8,4400000000000000
62139,0x401,S,8,0000CC01BB240000
62193,0x300,S,8,000000000245420C
62250,0x401,S,8,0000CC01BB240000
62305,0x300,S,8,000000000245420C
62362,0x400,S,8,4400000000000000
62482,0x300,S,8,000000000245420C
62531,0x401,S,8,0000CC01BB240000
62585,0x300,S,8,000000000245420C
62641,0x300,S,8,000000000245420C
62699,0x6F2020,E,8,FEFF73022E603000
62747,0x401,S,8,0000CC01BB240000
62808,0x300,S,8,000000000245420C
62863,0x400,S,8,4400000000000000
62914,0x600,S,8,0000000000000000
62967,0x300,S,8,000000000245420C
63019,0x300,S,8,000000000245420C
63076,0x301,S,8,0000000000070002
63131,0x6F2020,E,8,FEFF73022E603000
63185,0x301,S,8,0000000000030002
63236,0x301,S,8,0000000000080002
63288,0x301,S,8,0000000000030002
63416,0x301,S,8,0000000000080002
63469,0x300,S,8,000000000245420C
63518,0x401,S,8,0000CC01BB240000
63572,0x300,S,8,000000000245420C
63626,0x401,S,8,0000CC01BB240000
63684,0x110,S,8,033E00C803001D00
63744,0x301,S,8,0000000000040002
63799,0x301,S,8,0000000000090002
63851,0x301,S,8,0000000000020002
63905,0x10303,E,8,0300000000000000
63963,0x401,S,8,0000CC01BB240000
64023,0x300,S,8,000000000245420C
64090,0x300,S,8,000000000245420C
64153,0x300,S,8,000000000245420C
64208,0x300,S,8,000000000245420C
64274,0x301,S,8,0000000000010002
64396,0x301,S,8,0000000000050002
64456,0x400,S,8,4400000000000000
64513,0x130,S,8,0000000002EE0000
64573,0x301,S,8,0000000000060002
64635,0x301,S,8,0000000000010002
64700,0x300,S,8,000000000245420C
64752,0x301,S,8,0000000000070002
64818,0x301,S,8,0000000000010002
64886,0x301,S,8,0000000000060002
64940,0x103C8,E,8,262AE7C200E579C2
64999,0x300,S,8,000000000245420C
65101,0x300,S,8,000000000245420C
65141,0x301,S,8,0000000000020002
65186,0x401,S,8,0000CC01BB240000
65233,0x300,S,8,000000000245420C
65280,0x300,S,8,000000000245420C
65388,0x300,S,8,000000000245420C
65432,0x300,S,8,000000000245420C
65476,0x401,S,8,0000CC01BB240000
65518,0x130,S,8,0000000002EE0000
65558,0x401,S,8,0000CC01BB240000
65597,0x401,S,8,0000CC01BB240000
65639,0x300,S,8,000000000245420C
65687,0x130,S,8,0000000002EE0000
65735,0x301,S,8,0000000000030002
65773,0x301,S,8,0000000000080002
65820,0x220201,E,8,000201E803004304
65873,0x600,S,8,0000000000000000
65914,0x401,S,8,0000CC01BB240000
65960,0x300,S,8,000000000245420C
66008,0x110,S,8,033E00C803001D00
66058,0x301,S,8,0000000000040002
66175,0x301,S,8,0000000000090002
66218,0x110,S,8,033E00C803001D00
66262,0x301,S,8,0000000000050002
66301,0x300,S,8,000000000245420C
66344,0x300,S,8,000000000245420C
66389,0x401,S,8,0000CC01BB240000
66435,0x301,S,8,0000000000010002
66484,0x301,S,8,0000000000050002
66522,0x300,S,8,000000000245420C
66571,0x401,S,8,0000CC01BB240000
66615,0x300,S,8,000000000245420C
66657,0x110,S,8,033E00C803001D00
66702,0x401,S,8,0000CC01BB240000
66752,0x301,S,8,0000000000060002
66798,0x301,S,8,00000000000B0002
66845,0x6F2020,E,8,FEFF73022E603000
66960,0x600,S,8,0000000000000000
66999,0x300,S,8,000000000245420C
67040,0x300,S,8,000000000245420C
67081,0x401,S,8,0000CC01BB240000
67126,0x300,S,8,000000000245420C
67171,0x301,S,8,0000000000070002
67223,0x300,S,8,000000000245420C
67275,0x300,S,8,000000000245420C
67322,0x400,S,8,4400000000000000
67366,0x300,S,8,000000000245420C
67413,0x301,S,8,0000000000110002
67461,0x301,S,8,0000000000020002
67515,0x110,S,8,033E00C803001D00
67570,0x301,S,8,0000000000020002
67615,0x6F2020,E,8,FEFF73022E603000
67671,0x301,S,8,00000000000C0002
67783,0x301,S,8,0000000000030002
67833,0x301,S,8,0000000000080002
67884,0x301,S,8,00000000000D0002
67934,0x220201,E,8,0248453430333032
67987,0x301,S,8,0000000000170002
68039,0x401,S,8,0000CC01BB240000
68093,0x400,S,8,4400000000000000
68141,0x401,S,8,0000CC01BB240000
68184,0x300,S,8,000000000245420C
68231,0x401,S,8,0000CC01BB240000
68279,0x300,S,8,000000000245420C
68330,0x400,S,8,4400000000000000
68384,0x300,S,8,000000000245420C
68429,0x401,S,8,0000CC01BB240000
68487,0x300,S,8,000000000245420C
68543,0x401,S,8,0000CC01BB240000
68653,0x400,S,8,4400000000000000
68707,0x401,S,8,0000CC01BB240000
68756,0x300,S,8,000000000245420C
68806,0x401,S,8,0000CC01BB240000
68858,0x300,S,8,000000000245420C
68913,0x300,S,8,000000000245420C
68960,0x301,S,8,0000000000010002
69017,0x301,S,8,0000000000060002
69073,0x301,S,8,0000000000010002
69123,0x6F2020,E,8,FEFF73022E603000
69172,0x301,S,8,00000000000A0002
69225,0x301,S,8,0000000000010002
69277,0x301,S,8,0000000000060002
69332,0x301,S,8,00000000000B0002
69388,0x301,S,8,0000000000100002
69449,0x301,S,8,0000000000020002
69561,0x301,S,8,0000000000070002
69608,0x401,S,8,0000CC01BB240000
69655,0x400,S,8,4400000000000000
69702,0x300,S,8,000000000245420C
69747,0x301,S,8,0000000000080002
69795,0x301,S,8,0000000000070002
69840,0x220201,E,8,0248453430333032
69896,0x301,S,8,0000000000110002
69945,0x300,S,8,000000000245420C
70001,0x300,S,8,000000000245420C
70055,0x401,S,8,0000CC01BB240000
70123,0x400,S,8,4400000000000000
70186,0x300,S,8,000000000245420C
70246,0x300,S,8,000000000245420C
70310,0x300,S,8,000000000245420C
70363,0x300,S,8,000000000245420C
70479,0x6F2020,E,8,FEFF73022E603000
70528,0x401,S,8,0000CC01BB240000
70581,0x300,S,8,000000000245420C
70628,0x110,S,8,033E00C803001D00
70682,0x6F2020,E,8,FEFF73022E603000
70736,0x401,S,8,0000CC01BB240000
70795,0x300,S,8,000000000245420C
70858,0x400,S,8,4400000000000000
70914,0x103C8,E,8,3240E7C22D267AC2
70973,0x401,S,8,0000CC01BB240000
71034,0x110,S,8,033E00C803001D00
71096,0x401,S,8,0000CC01BB240000
71161,0x6F2020,E,8,FEFF73022E603000
71229,0x300,S,8,000000000245420C
71286,0x301,S,8,0000000000070002
71343,0x300,S,8,000000000245420C
71463,0x401,S,8,0000CC01BB240000
71515,0x301,S,8,0000000000110002
71567,0x300,S,8,000000000245420C
71619,0x110,S,8,033E00C803001D00
71673,0x400,S,8,4400000000000000
71737,0x301,S,8,0000000000030002
71844,0x301,S,8,0000000000080002
71884,0x301,S,8,00000000000D0002
71928,0x220224,E,8,4200000000000000
71973,0x301,S,8,0000000000080002
72017,0x300,S,8,000000000245420C
72062,0x300,S,8,000000000245420C
72099,0x401,S,8,0000CC01BB240000
72135,0x300,S,8,000000000245420C
72169,0x301,S,8,0000000000010002
72207,0x301,S,8,0000000000040002
72307,0x301,S,8,0000000000090002
72338,0x300,S,8,000000000245420C
72372,0x300,S,8,000000000245420C
72415,0x301,S,8,0000000000010002
72461,0x301,S,8,0000000000050002
72506,0x301,S,8,0000000000050002
72547,0x400,S,8,4400000000000000
72591,0x301,S,8,00000000000A0002
72636,0x301,S,8,0000000000010002
72683,0x301,S,8,0000000000050002
72732,0x110,S,8,033E00C803001D00
72771,0x300,S,8,000000000245420C
72810,0x400,S,8,4400000000000000
72849,0x220224,E,8,4200000000000000
72888,0x401,S,8,0000CC01BB240000
72928,0x300,S,8,000000000245420C
73027,0x301,S,8,0000000000060002
73064,0x301,S,8,0000000000010002
73109,0x300,S,8,000000000245420C
73153,0x401,S,8,0000CC01BB240000
73200,0x110,S,8,033E00C803001D00
73239,0x300,S,8,000000000245420C
73281,0x301,S,8,00000000000B0002
73329,0x6F2020,E,8,FEFF73022E603000
73378,0x300,S,8,000000000245420C
73431,0x300,S,8,000000000245420C
73477,0x110,S,8,033E00C803001D00
73517,0x401,S,8,0000CC01BB240000
73561,0x400,S,8,4400000000000000
73601,0x110,S,8,033E00C803001D00
73644,0x300,S,8,000000000245420C
73688,0x110,S,8,033E00C803001D00
73792,0x300,S,8,000000000245420C
73839,0x301,S,8,0000000000070002
73888,0x300,S,8,000000000245420C
73937,0x600,S,8,0000000000000000
73978,0x401,S,8,0000CC01BB240000
74026,0x401,S,8,0000CC01BB240000
74068,0x400,S,8,4400000000000000
74119,0x401,S,8,0000CC01BB240000
74176,0x300,S,8,000000000245420C
74221,0x401,S,8,0000CC01BB240000
74266,0x301,S,8,0000000000090002
74308,0x301,S,8,0000000000010002
74353,0x6F2020,E,8,FEFF73022E603000
74398,0x301,S,8,00000000000B0002
74448,0x301,S,8,0000000000010002
74490,0x301,S,8,0000000000040002
74605,0x110,S,8,033E00C803001D00
74658,0x300,S,8,000000000245420C
74715,0x401,S,8,0000CC01BB240000
74762,0x300,S,8,000000000245420C
74810,0x401,S,8,0000CC01BB240000
74861,0x220201,E,8,0156345832303358
74916,0x301,S,8,0000000000140002
74970,0x301,S,8,0000000000050002
75025,0x301,S,8,0000000000010002
75079,0x301,S,8,0000000000050002
75148,0x6F2020,E,8,FEFF73022E603000
75200,0x301,S,8,0000000000010002
75249,0x301,S,8,0000000000060002
75300,0x301,S,8,0000000000010002
75353,0x400,S,8,4400000000000000
75407,0x300,S,8,000000000245420C
75529,0x300,S,8,000000000245420C
75580,0x300,S,8,000000000245420C
75626,0x130,S,8,0000000002EE0000
75680,0x300,S,8,000000000245420C
75734,0x301,S,8,00000000000B0002
75781,0x300,S,8,000000000245420C
75832,0x400,S,8,4400000000000000
75885,0x10303,E,8,0300000000000000
75941,0x401,S,8,0000CC01BB240000
75994,0x110,S,8,033E00C803001D00
76052,0x401,S,8,0000CC01BB240000
76109,0x400,S,8,4400000000000000
76167,0x401,S,8,0000CC01BB240000
76220,0x300,S,8,000000000245420C
76271,0x401,S,8,0000CC01BB240000
76324,0x300,S,8,000000000245420C
76439,0x6F2020,E,8,FEFF73022E603000
76495,0x110,S,8,033E00C803001D00
76550,0x301,S,8,0000000000040002
76600,0x110,S,8,033E00C803001D00
76653,0x301,S,8,0000000000030002
76704,0x300,S,8,000000000245420C
76760,0x300,S,8,000000000245420C
76816,0x300,S,8,000000000245420C
76873,0x300,S,8,000000000245420C
76931,0x300,S,8,000000000245420C
76989,0x300,S,8,000000000245420C
77043,0x301,S,8,0000000000050002
77099,0x130,S,8,0000000002EE0000
77158,0x301,S,8,0000000000040002
77219,0x300,S,8,000000000245420C
77281,0x401,S,8,0000CC01BB240000
77402,0x300,S,8,000000000245420C
77456,0x300,S,8,000000000245420C
77510,0x301,S,8,0000000000010002
77571,0x301,S,8,0000000000060002
77627,0x401,S,8,0000CC01BB240000
77686,0x300,S,8,000000000245420C
77746,0x301,S,8,0000000000070002
77808,0x301,S,8,0000000000010002
77867,0x301,S,8,0000000000060002
77927,0x220224,E,8,4200000000000000
77990,0x110,S,8,033E00C803001D00
78053,0x300,S,8,000000000245420C
78119,0x301,S,8,0000000000020002
78183,0x6F2020,E,8,FEFF73022E603000
78247,0x110,S,8,033E00C803001D00
78302,0x401,S,8,0000CC01BB240000
78421,0x300,S,8,000000000245420C
78523,0x6F2020,E,8,FEFF73022E603000
78564,0x401,S,8,0000CC01BB240000
78604,0x300,S,8,000000000245420C
78643,0x300,S,8,000000000245420C
78684,0x301,S,8,0000000000040002
78726,0x301,S,8,0000000000040002
78770,0x301,S,8,0000000000090002
78816,0x220201,E,8,0156345832303358
78857,0x600,S,8,0000000000000000
78892,0x401,S,8,0000CC01BB240000
78930,0x300,S,8,000000000245420C
78972,0x130,S,8,0000000002EE0000
79015,0x301,S,8,0000000000040002
79060,0x6F2020,E,8,FEFF73022E603000
79098,0x401,S,8,0000CC01BB240000
79215,0x300,S,8,000000000245420C
79258,0x301,S,8,0000000000050002
79298,0x110,S,8,033E00C803001D00
79336,0x301,S,8,0000000000050002
79374,0x300,S,8,000000000245420C
79415,0x301,S,8,0000000000010002
79455,0x301,S,8,0000000000050002
79499,0x300,S,8,000000000245420C
79538,0x400,S,8,4400000000000000
79584,0x301,S,8,0000000000050002
79631,0x301,S,8,00000000000A0002
79680,0x401,S,8,0000CC01BB240000
79730,0x300,S,8,000000000245420C
79773,0x300,S,8,000000000245420C
79816,0x400,S,8,4400000000000000
79865,0x10303,E,8,0300000000000000
79977,0x401,S,8,0000CC01BB240000
80017,0x110,S,8,033E00C803001D00
80056,0x301,S,8,0000000000010002
80101,0x301,S,8,0000000000060002
80159,0x6F2020,E,8,FEFF73022E603000
80205,0x401,S,8,0000CC01BB240000
80253,0x301,S,8,00000000000C0002
80298,0x301,S,8,0000000000110002
80344,0x300,S,8,000000000245420C
80391,0x110,S,8,033E00C803001D00
80437,0x301,S,8,0000000000040002
80488,0x300,S,8,000000000245420C
80532,0x300,S,8,000000000245420C
80584,0x300,S,8,000000000245420C
80638,0x401,S,8,0000CC01BB240000
80690,0x300,S,8,000000000245420C
80803,0x301,S,8,00000000000A0002
80852,0x300,S,8,000000000245420C
80895,0x400,S,8,4400000000000000
80938,0x10303,E,8,0300000000000000
80988,0x401,S,8,0000CC01BB240000
81042,0x300,S,8,000000000245420C
81096,0x300,S,8,000000000245420C
81147,0x300,S,8,000000000245420C
81193,0x110,S,8,033E00C803001D00
81238,0x401,S,8,0000CC01BB240000
81289,0x300,S,8,000000000245420C
81341,0x401,S,8,0000CC01BB240000
81391,0x110,S,8,033E00C803001D00
81435,0x401,S,8,0000CC01BB240000
81486,0x110,S,8,033E00C803001D00
81537,0x401,S,8,0000CC01BB240000
81657,0x400,S,8,4400000000000000
81708,0x120,S,8,027300021C1B2E64
81757,0x300,S,8,000000000245420C
81802,0x110,S,8,033E00C803001D00
81851,0x300,S,8,000000000245420C
81901,0x301,S,8,0000000000110002
81953,0x301,S,8,0000000000020002
82008,0x301,S,8,0000000000070002
82052,0x300,S,8,000000000245420C
82106,0x300,S,8,000000000245420C
82159,0x300,S,8,000000000245420C
82218,0x300,S,8,000000000245420C
82273,0x301,S,8,0000000000080002
82323,0x300,S,8,000000000245420C
82374,0x110,S,8,033E00C803001D00
82428,0x301,S,8,0000000000040002
82547,0x301,S,8,0000000000090002
82600,0x301,S,8,0000000000030002
82657,0x301,S,8,0000000000080002
82713,0x401,S,8,0000CC01BB240000
82762,0x300,S,8,000000000245420C
82811,0x300,S,8,000000000245420C
82863,0x300,S,8,000000000245420C
82921,0x110,S,8,033E00C803001D00
82978,0x301,S,8,0000000000050002
83033,0x110,S,8,033E00C803001D00
83085,0x301,S,8,0000000000040002
83136,0x6F2020,E,8,FEFF73022E603000
83192,0x301,S,8,0000000000010002
83249,0x401,S,8,0000CC01BB240000
83311,0x300,S,8,000000000245420C
83362,0x400,S,8,4400000000000000
83482,0x300,S,8,000000000245420C
83530,0x401,S,8,0000CC01BB240000
83579,0x300,S,8,000000000245420C
83635,0x301,S,8,0000000000010002
83691,0x300,S,8,000000000245420C
83748,0x401,S,8,0000CC01BB240000
83810,0x300,S,8,000000000245420C
83864,0x400,S,8,4400000000000000
83919,0x103C8,E,8,761FE8C2BAB579C2
83972,0x401,S,8,0000CC01BB240000
84034,0x300,S,8,000000000245420C
84091,0x301,S,8,0000000000070002
84149,0x6F2020,E,8,FEFF73022E603000
84210,0x301,S,8,0000000000020002
84269,0x301,S,8,0000000000070002
84333,0x300,S,8,000000000245420C
84457,0x400,S,8,4400000000000000
84516,0x300,S,8,000000000245420C
84571,0x301,S,8,0000000000030002
84629,0x301,S,8,0000000000080002
84689,0x400,S,8,4400000000000000
84752,0x301,S,8,0000000000030002
84816,0x301,S,8,0000000000080002
84878,0x301,S,8,0000000000010002
84939,0x301,S,8,00000000000A0002
84998,0x401,S,8,0000CC01BB240000
85073,0x300,S,8,000000000245420C
85132,0x110,S,8,033E00C803001D00
85235,0x401,S,8,0000CC01BB240000
85286,0x300,S,8,000000000245420C
85338,0x300,S,8,000000000245420C
85380,0x301,S,8,0000000000090002
85485,0x300,S,8,000000000245420C
85520,0x300,S,8,000000000245420C
85561,0x401,S,8,0000CC01BB240000
85604,0x400,S,8,4400000000000000
85642,0x401,S,8,0000CC01BB240000
85686,0x401,S,8,0000CC01BB240000
85731,0x301,S,8,0000000000050002
85768,0x400,S,8,4400000000000000
85814,0x300,S,8,000000000245420C
85861,0x600,S,8,0000000000000000
85908,0x401,S,8,0000CC01BB240000
85959,0x300,S,8,000000000245420C
86003,0x301,S,8,0000000000060002
86051,0x301,S,8,0000000000010002
86097,0x6F2020,E,8,FFFF73022E603000
86143,0x300,S,8,000000000245420C
86251,0x301,S,8,0000000000020002
86288,0x300,S,8,000000000245420C
86332,0x300,S,8,000000000245420C
86377,0x400,S,8,4400000000000000
86426,0x300,S,8,000000000245420C
86462,0x300,S,8,000000000245420C
87071,0x401,S,8,0000CC01BB240000
87114,0x400,S,8,4400000000000000
87153,0x110,S,8,033E00C803001D00
87195,0x300,S,8,000000000245420C
87240,0x301,S,8,0000000000080002
87287,0x301,S,8,0000000000020002
87334,0x6F2020,E,8,FEFF73022E603000
87377,0x300,S,8,000000000245420C
87423,0x401,S,8,0000CC01BB240000
87470,0x300,S,8,000000000245420C
87583,0x401,S,8,0000CC01BB240000
87628,0x400,S,8,4400000000000000
87670,0x401,S,8,0000CC01BB240000
87713,0x301,S,8,0000000000090002
87758,0x301,S,8,0000000000010002
87801,0x400,S,8,4400000000000000
87850,0x103C8,E,8,44F8E7C2DB487AC2
87901,0x301,S,8,0000000000010002
87951,0x301,S,8,0000000000060002
87995,0x301,S,8,0000000000010002
88042,0x300,S,8,000000000245420C
88089,0x300,S,8,000000000245420C
88139,0x300,S,8,000000000245420C
88182,0x300,S,8,000000000245420C
88229,0x401,S,8,0000CC01BB240000
88278,0x300,S,8,000000000245420C
88402,0x400,S,8,4400000000000000
88443,0x300,S,8,000000000245420C
88482,0x110,S,8,033E00C803001D00
88525,0x300,S,8,000000000245420C
88564,0x110,S,8,033E00C803001D00
88607,0x300,S,8,000000000245420C
88654,0x300,S,8,000000000245420C
88702,0x401,S,8,0000CC01BB240000
88746,0x300,S,8,000000000245420C
88796,0x301,S,8,00000000000C0002
88854,0x220201,E,8,0156345832303358
88909,0x300,S,8,000000000245420C
88957,0x300,S,8,000000000245420C
89006,0x300,S,8,000000000245420C
89059,0x401,S,8,0000CC01BB240000
89111,0x300,S,8,000000000245420C
89231,0x301,S,8,0000000000040002
89272,0x300,S,8,000000000245420C
89320,0x300,S,8,000000000245420C
89364,0x301,S,8,0000000000080002
89409,0x6F2020,E,8,FEFF73022E603000
89455,0x300,S,8,000000000245420C
89502,0x301,S,8,0000000000010002
89548,0x301,S,8,0000000000040002
89601,0x6F2020,E,8,FEFF73022E603000
89653,0x110,S,8,033E00C803001D00
89709,0x301,S,8,0000000000050002
89759,0x300,S,8,000000000245420C
89811,0x300,S,8,000000000245420C
89866,0x300,S,8,000000000245420C
89924,0x300,S,8,000000000245420C
89985,0x301,S,8,0000000000010002
90102,0x301,S,8,0000000000050002
90150,0x110,S,8,033E00C803001D00
90197,0x6F2020,E,8,FEFF73022E603000
90244,0x301,S,8,00000000000A0002
90295,0x401,S,8,0000CC01BB240000
90343,0x300,S,8,000000000245420C
90391,0x300,S,8,000000000245420C
90446,0x300,S,8,000000000245420C
90501,0x300,S,8,000000000245420C
90556,0x300,S,8,000000000245420C
90608,0x300,S,8,000000000245420C
90658,0x401,S,8,0000CC01BB240000
90711,0x300,S,8,000000000245420C
90765,0x300,S,8,000000000245420C
90829,0x301,S,8,0000000000080002
90879,0x220201,E,8,0156345832303358
90993,0x110,S,8,033E00C803001D00
91043,0x301,S,8,0000000000040002
91092,0x110,S,8,033E00C803001D00
91142,0x400,S,8,4400000000000000
91191,0x401,S,8,0000CC01BB240000
91241,0x300,S,8,000000000245420C
91298,0x300,S,8,000000000245420C
91355,0x401,S,8,0000CC01BB240000
91415,0x300,S,8,000000000245420C
91476,0x401,S,8,0000CC01BB240000
91534,0x300,S,8,000000000245420C
91593,0x300,S,8,000000000245420C
91653,0x6F2020,E,8,FEFF73022E603000
91722,0x301,S,8,00000000000A0002
91775,0x401,S,8,0000CC01BB240000
91827,0x300,S,8,000000000245420C
91947,0x401,S,8,0000CC01BB240000
91996,0x300,S,8,000000000245420C
92048,0x301,S,8,0000000000190002
92099,0x301,S,8,0000000000010002
92151,0x400,S,8,4400000000000000
92209,0x300,S,8,000000000245420C
92269,0x300,S,8,000000000245420C
92332,0x300,S,8,000000000245420C
92434,0x300,S,8,000000000245420C
92474,0x300,S,8,000000000245420C
92516,0x301,S,8,0000000000020002
92560,0x301,S,8,0000000000070002
92597,0x400,S,8,4400000000000000
92633,0x130,S,8,0000000002EE0000
92667,0x301,S,8,0000000000030002
92701,0x301,S,8,0000000000080002
92800,0x301,S,8,00000000000D0002
92834,0x220201,E,8,000201E803004304
92867,0x10303,E,8,0300000000000000
92908,0x301,S,8,0000000000170002
92949,0x300,S,8,000000000245420C
92992,0x300,S,8,000000000245420C
93035,0x400,S,8,4400000000000000
93082,0x6F2020,E,8,FEFF73022E603000
93120,0x301,S,8,0000000000040002
93161,0x300,S,8,000000000245420C
93211,0x401,S,8,0000CC01BB240000
93253,0x300,S,8,000000000245420C
93288,0x400,S,8,4400000000000000
93328,0x6F2020,E,8,FEFF73022E603000
93367,0x110,S,8,033E00C803001D00
93407,0x301,S,8,0000000000040002
93509,0x300,S,8,000000000245420C
93546,0x401,S,8,0000CC01BB240000
93590,0x400,S,8,4400000000000000
93637,0x301,S,8,0000000000090002
93685,0x110,S,8,033E00C803001D00
93733,0x110,S,8,033E00C803001D00
93771,0x300,S,8,000000000245420C
93813,0x400,S,8,4400000000000000
93856,0x103C8,E,8,F6CAE7C2A6607AC2
93897,0x401,S,8,0000CC01BB240000
93939,0x300,S,8,000000000245420C
93989,0x301,S,8,0000000000050002
94039,0x301,S,8,0000000000010002
94091,0x6F2020,E,8,FEFF73022E603000
94133,0x300,S,8,000000000245420C
94180,0x110,S,8,033E00C803001D00
94286,0x401,S,8,0000CC01BB240000
94326,0x300,S,8,000000000245420C
94363,0x400,S,8,4400000000000000
94406,0x110,S,8,033E00C803001D00
94448,0x401,S,8,0000CC01BB240000
94495,0x401,S,8,0000CC01BB240000
94546,0x400,S,8,4400000000000000
94597,0x6F2020,E,8,FEFF73022E603000
94647,0x301,S,8,0000000000020002
94705,0x300,S,8,000000000245420C
94747,0x300,S,8,000000000245420C
94791,0x300,S,8,000000000245420C
94839,0x220201,E,8,000201E803004304
94886,0x601,S,8,1401010027050000
94935,0x301,S,8,0000000000030002
94986,0x300,S,8,000000000245420C
95113,0x401,S,8,0000CC01BB240000
95167,0x400,S,8,4400000000000000
95215,0x401,S,8,0000CC01BB240000
95268,0x300,S,8,000000000245420C
95320,0x401,S,8,0000CC01BB240000
95376,0x6F2020,E,8,FEFF73022E603000
95423,0x301,S,8,0000000000090002
95469,0x110,S,8,033E00C803001D00
95516,0x301,S,8,0000000000040002
95563,0x301,S,8,0000000000090002
95614,0x401,S,8,0000CC01BB240000
95666,0x301,S,8,0000000000080002
95721,0x120,S,8,027300021C1B2E64
95781,0x301,S,8,0000000000040002
95830,0x301,S,8,0000000000090002
95882,0x220201,E,8,0248453430333032
95999,0x301,S,8,0000000000130002
96051,0x301,S,8,0000000000050002
96101,0x401,S,8,0000CC01BB240000
96154,0x400,S,8,4400000000000000
96206,0x401,S,8,0000CC01BB240000
96262,0x300,S,8,000000000245420C
96319,0x300,S,8,000000000245420C
96379,0x300,S,8,000000000245420C
96429,0x301,S,8,00000000000F0002
96483,0x301,S,8,0000000000010002
96533,0x301,S,8,0000000000060002
96583,0x301,S,8,0000000000010002
96633,0x301,S,8,00000000000B0002
96685,0x110,S,8,033E00C803001D00
96746,0x401,S,8,0000CC01BB240000
96802,0x300,S,8,000000000245420C
96913,0x400,S,8,4400000000000000
96967,0x110,S,8,033E00C803001D00
97020,0x401,S,8,0000CC01BB240000
97076,0x300,S,8,000000000245420C
97135,0x300,S,8,000000000245420C
97195,0x301,S,8,0000000000030002
97252,0x301,S,8,0000000000080002
97301,0x301,S,8,0000000000020002
97352,0x400,S,8,4400000000000000
97404,0x300,S,8,000000000245420C
97455,0x300,S,8,000000000245420C
97510,0x300,S,8,000000000245420C
97569,0x300,S,8,000000000245420C
97630,0x300,S,8,000000000245420C
97690,0x300,S,8,000000000245420C
97750,0x301,S,8,0000000000040002
97869,0x301,S,8,0000000000090002
97922,0x301,S,8,0000000000010002
97982,0x10303,E,8,0300000000000000
98041,0x401,S,8,0000CC01BB240000
98104,0x300,S,8,000000000245420C
98157,0x301,S,8,0000000000040002
98212,0x301,S,8,0000000000090002
98269,0x401,S,8,0000CC01BB240000
98323,0x300,S,8,000000000245420C
98382,0x301,S,8,00000000000F0002
98443,0x301,S,8,0000000000010002
98506,0x301,S,8,0000000000060002
98571,0x301,S,8,0000000000010002
98637,0x301,S,8,0000000000050002
98701,0x401,S,8,0000CC01BB240000
98758,0x300,S,8,000000000245420C
98884,0x301,S,8,0000000000010002
98948,0x301,S,8,0000000000060002
99041,0x10303,E,8,0300000000000000
99083,0x300,S,8,000000000245420C
99127,0x301,S,8,0000000000070002
99172,0x401,S,8,0000CC01BB240000
99205,0x300,S,8,000000000245420C
99243,0x300,S,8,000000000245420C
99283,0x400,S,8,4400000000000000
99318,0x110,S,8,033E00C803001D00
99355,0x301,S,8,0000000000030002
99395,0x301,S,8,0000000000080002
99440,0x300,S,8,000000000245420C
99486,0x401,S,8,0000CC01BB240000
99533,0x301,S,8,0000000000080002
99582,0x6F2020,E,8,FEFF73022E603000
99689,0x300,S,8,000000000245420C
99727,0x300,S,8,000000000245420C
99764,0x401,S,8,0000CC01BB240000
99806,0x300,S,8,000000000245420C
99852,0x400,S,8,4400000000000000
99895,0x401,S,8,0000CC01BB240000
99943,0x300,S,8,000000000245420C
99984,0x110,S,8,033E00C803001D00
100022,0x301,S,8,0000000000040002
100064,0x300,S,8,000000000245420C
100109,0x300,S,8,000000000245420C
100156,0x300,S,8,000000000245420C
100219,0x401,S,8,0000CC01BB240000
100258,0x301,S,8,0000000000010002
100302,0x301,S,8,0000000000050002
100344,0x301,S,8,00000000000A0002
100456,0x301,S,8,00000000000F0002
100502,0x301,S,8,0000000000010002
100550,0x301,S,8,0000000000060002
100587,0x130,S,8,0000000002EE0000
100629,0x300,S,8,000000000245420C
100672,0x301,S,8,0000000000020002
100708,0x300,S,8,000000000245420C
100755,0x300,S,8,000000000245420C
100800,0x400,S,8,4400000000000000
100852,0x220224,E,8,4200000000000000
100903,0x301,S,8,0000000000160002
100955,0x301,S,8,00000000001B0002
101009,0x301,S,8,0000000000020002
101054,0x300,S,8,000000000245420C
101101,0x300,S,8,000000000245420C
101149,0x300,S,8,000000000245420C
101259,0x301,S,8,0000000000080002
101299,0x301,S,8,0000000000030002
101349,0x300,S,8,000000000245420C
101404,0x300,S,8,000000000245420C
101461,0x300,S,8,000000000245420C
101506,0x301,S,8,0000000000080002
101553,0x300,S,8,000000000245420C
101598,0x300,S,8,000000000245420C
101639,0x110,S,8,033E00C803001D00
101688,0x301,S,8,0000000000040002
101741,0x301,S,8,0000000000090002
101790,0x300,S,8,000000000245420C
101844,0x220201,E,8,000201E803004304
101896,0x10303,E,8,0300000000000000
101953,0x401,S,8,0000CC01BB240000
102003,0x300,S,8,000000000245420C
102111,0x401,S,8,0000CC01BB240000
102152,0x300,S,8,000000000245420C
102207,0x401,S,8,0000CC01BB240000
102258,0x300,S,8,000000000245420C
102312,0x300,S,8,000000000245420C
102367,0x301,S,8,00000000000F0002
102427,0x300,S,8,000000000245420C
102474,0x301,S,8,0000000000060002
102524,0x301,S,8,0000000000010002
102571,0x301,S,8,0000000000050002
102624,0x6F2020,E,8,FEFF73022E603000
102682,0x300,S,8,000000000245420C
102741,0x401,S,8,0000CC01BB240000
102791,0x300,S,8,000000000245420C
102844,0x301,S,8,0000000000060002
102898,0x301,S,8,00000000000B0002
103015,0x110,S,8,033E00C803001D00
103065,0x300,S,8,000000000245420C
103119,0x110,S,8,033E00C803001D00
103174,0x300,S,8,000000000245420C
103232,0x300,S,8,000000000245420C
103287,0x301,S,8,0000000000070002
103338,0x301,S,8,00000000000C0002
103391,0x301,S,8,0000000000110002
103441,0x401,S,8,0000CC01BB240000
103496,0x300,S,8,000000000245420C
103553,0x401,S,8,0000CC01BB240000
103613,0x400,S,8,4400000000000000
103667,0x401,S,8,0000CC01BB240000
103718,0x401,S,8,0000CC01BB240000
103774,0x300,S,8,000000000245420C
103823,0x300,S,8,000000000245420C
103953,0x220201,E,8,0248453430333032
104007,0x110,S,8,033E00C803001D00
104059,0x301,S,8,0000000000040002
104117,0x301,S,8,0000000000010002
104178,0x301,S,8,0000000000040002
104240,0x301,S,8,0000000000050002
104292,0x110,S,8,033E00C803001D00
104346,0x301,S,8,0000000000040002
104401,0x301,S,8,0000000000090002
104458,0x401,S,8,0000CC01BB240000
104513,0x300,S,8,000000000245420C
104574,0x401,S,8,0000CC01BB240000
104639,0x300,S,8,000000000245420C
104700,0x300,S,8,000000000245420C
104760,0x301,S,8,0000000000010002
104815,0x301,S,8,0000000000060002
104930,0x301,S,8,00000000000B0002
104984,0x10303,E,8,0300000000000000
105040,0x300,S,8,000000000245420C
105098,0x301,S,8,0000000000010002
105161,0x301,S,8,0000000000060002
105231,0x300,S,8,000000000245420C
105285,0x110,S,8,033E00C803001D00
105339,0x300,S,8,000000000245420C
105398,0x300,S,8,000000000245420C
105459,0x301,S,8,0000000000110002
105521,0x300,S,8,000000000245420C
105621,0x110,S,8,033E00C803001D00
105667,0x400,S,8,4400000000000000
105706,0x300,S,8,000000000245420C
105746,0x301,S,8,0000000000030002
105786,0x301,S,8,0000000000080002
105892,0x220201,E,8,0248453430333032
105933,0x301,S,8,0000000000170002
105977,0x301,S,8,00000000001C0002
106019,0x300,S,8,000000000245420C
106058,0x401,S,8,0000CC01BB240000
106093,0x110,S,8,033E00C803001D00
106132,0x6F2020,E,8,FEFF73022E603000
106167,0x401,S,8,0000CC01BB240000
106211,0x301,S,8,00000000000A0002
106249,0x301,S,8,0000000000010002
106286,0x401,S,8,0000CC01BB240000
106323,0x300,S,8,000000000245420C
106361,0x301,S,8,00000000000B0002
106396,0x301,S,8,0000000000100002
106435,0x300,S,8,000000000245420C
106471,0x401,S,8,0000CC01BB240000
106574,0x301,S,8,0000000000070002
106614,0x301,S,8,0000000000030002
106662,0x300,S,8,000000000245420C
106708,0x301,S,8,00000000000D0002
106755,0x300,S,8,000000000245420C
106798,0x110,S,8,033E00C803001D00
106836,0x220201,E,8,0248453430333032
106882,0x601,S,8,1401010027110000
106922,0x301,S,8,00000000000D0002
106961,0x301,S,8,0000000000120002
107001,0x300,S,8,000000000245420C
107042,0x400,S,8,4400000000000000
107080,0x401,S,8,0000CC01BB240000
107127,0x301,S,8,0000000000030002
107169,0x301,S,8,0000000000080002
107212,0x300,S,8,000000000245420C
107323,0x300,S,8,000000000245420C
107370,0x400,S,8,4400000000000000
107418,0x300,S,8,000000000245420C
107467,0x301,S,8,00000000000E0002
107509,0x110,S,8,033E00C803001D00
107552,0x400,S,8,4400000000000000
107605,0x301,S,8,0000000000040002
107648,0x301,S,8,0000000000090002
107691,0x301,S,8,0000000000010002
107737,0x301,S,8,0000000000050002
107780,0x300,S,8,000000000245420C
107824,0x220201,E,8,0156345832303358
107869,0x600,S,8,0000000000000000
107916,0x401,S,8,0000CC01BB240000
107962,0x110,S,8,033E00C803001D00
108010,0x401,S,8,0000CC01BB240000
108124,0x301,S,8,0000000000060002
108178,0x301,S,8,0000000000010002
108231,0x301,S,8,0000000000050002
108277,0x301,S,8,00000000000A0002
108323,0x301,S,8,0000000000010002
108378,0x300,S,8,000000000245420C
108421,0x401,S,8,0000CC01BB240000
108463,0x300,S,8,000000000245420C
108505,0x110,S,8,033E00C803001D00
108548,0x301,S,8,0000000000020002
108591,0x401,S,8,0000CC01BB240000
108637,0x301,S,8,0000000000010002
108684,0x301,S,8,0000000000060002
108731,0x300,S,8,000000000245420C
108783,0x300,S,8,000000000245420C
108838,0x400,S,8,4400000000000000
108958,0x103C8,E,8,B8CDE7C26A3F7AC2
109010,0x401,S,8,0000CC01BB240000
109060,0x110,S,8,033E00C803001D00
109108,0x401,S,8,0000CC01BB240000
109165,0x400,S,8,4400000000000000
109213,0x110,S,8,033E00C803001D00
109259,0x301,S,8,0000000000040002
109307,0x301,S,8,0000000000090002
109354,0x301,S,8,0000000000030002
109402,0x301,S,8,0000000000080002
109451,0x301,S,8,00000000000D0002
109500,0x110,S,8,033E00C803001D00
109547,0x301,S,8,0000000000040002
109597,0x300,S,8,000000000245420C
109649,0x300,S,8,000000000245420C
109704,0x300,S,8,000000000245420C
109830,0x300,S,8,000000000245420C
109880,0x300,S,8,000000000245420C
109929,0x220201,E,8,000201E803004304
109986,0x300,S,8,000000000245420C
110034,0x6F2020,E,8,FFFF73022E603000
110091,0x400,S,8,4400000000000000
110140,0x401,S,8,0000CC01BB240000
110191,0x6F2020,E,8,FEFF73022E603000
110242,0x401,S,8,0000CC01BB240000
110294,0x300,S,8,000000000245420C
110342,0x400,S,8,4400000000000000
110394,0x300,S,8,000000000245420C
110450,0x401,S,8,0000CC01BB240000
110508,0x300,S,8,000000000245420C
110568,0x401,S,8,0000CC01BB240000
110629,0x300,S,8,000000000245420C
110761,0x401,S,8,0000CC01BB240000
110814,0x300,S,8,000000000245420C
110875,0x301,S,8,0000000000030002
110924,0x301,S,8,0000000000080002
110976,0x103C8,E,8,F809E8C2777F7AC2
111027,0x110,S,8,033E00C803001D00
111079,0x301,S,8,0000000000040002
111128,0x401,S,8,0000CC01BB240000
111182,0x6F2020,E,8,FEFF73022E603000
111239,0x401,S,8,0000CC01BB240000
111295,0x300,S,8,000000000245420C
111354,0x400,S,8,4400000000000000
111415,0x300,S,8,000000000245420C
111479,0x401,S,8,0000CC01BB240000
111537,0x300,S,8,000000000245420C
111602,0x300,S,8,000000000245420C
111726,0x300,S,8,000000000245420C
111786,0x301,S,8,00000000000A0002
111886,0x401,S,8,0000CC01BB240000
111922,0x300,S,8,000000000245420C
111957,0x220201,E,8,000201E803004304
111996,0x110,S,8,033E00C803001D00
112035,0x401,S,8,0000CC01BB240000
112078,0x401,S,8,0000CC01BB240000
112123,0x6F2020,E,8,FEFF73022E603000
112170,0x301,S,8,00000000000B0002
112210,0x300,S,8,000000000245420C
112248,0x300,S,8,000000000245420C
112287,0x400,S,8,4400000000000000
112330,0x301,S,8,0000000000080002
112372,0x301,S,8,0000000000020002
112418,0x301,S,8,0000000000070002
112531,0x300,S,8,000000000245420C
112572,0x401,S,8,0000CC01BB240000
112614,0x400,S,8,4400000000000000
112664,0x301,S,8,0000000000030002
112706,0x301,S,8,0000000000080002
112742,0x300,S,8,000000000245420C
112783,0x301,S,8,0000000000010002
112823,0x220201,E,8,0248453430333032
112869,0x301,S,8,0000000000090002
112916,0x301,S,8,00000000000E0002
112964,0x6F2020,E,8,FEFF73022E603000
113012,0x401,S,8,0000CC01BB240000
113054,0x301,S,8,0000000000050002
113098,0x301,S,8,0000000000010002
113140,0x301,S,8,0000000000050002
113187,0x301,S,8,00000000000A0002
113297,0x301,S,8,0000000000010002
113339,0x300,S,8,000000000245420C
113382,0x300,S,8,000000000245420C
113428,0x300,S,8,000000000245420C
113480,0x401,S,8,0000CC01BB240000
113530,0x300,S,8,000000000245420C
113575,0x400,S,8,4400000000000000
113624,0x401,S,8,0000CC01BB240000
113670,0x300,S,8,000000000245420C
113718,0x6F2020,E,8,FEFF73022E603000
113768,0x110,S,8,033E00C803001D00
113823,0x400,S,8,4400000000000000
113877,0x301,S,8,0000000000070002
113932,0x301,S,8,00000000000C0002
113981,0x301,S,8,0000000000050002
114025,0x301,S,8,00000000000A0002
114135,0x301,S,8,00000000000F0002
114179,0x401,S,8,0000CC01BB240000
114226,0x110,S,8,033E00C803001D00
114274,0x6F2020,E,8,FEFF73022E603000
114320,0x301,S,8,0000000000070002
114369,0x300,S,8,000000000245420C
114419,0x401,S,8,0000CC01BB240000
114474,0x6F2020,E,8,FEFF73022E603000
114525,0x401,S,8,0000CC01BB240000
114569,0x301,S,8,0000000000040002
114616,0x110,S,8,033E00C803001D00
114667,0x301,S,8,0000000000040002
114719,0x301,S,8,0000000000090002
114773,0x301,S,8,0000000000010002
114832,0x301,S,8,0000000000050002
114890,0x130,S,8,0000000002EE0000
114996,0x301,S,8,0000000000050002
115048,0x301,S,8,00000000000A0002
115090,0x301,S,8,00000000000F0002
115139,0x400,S,8,4400000000000000
115188,0x401,S,8,0000CC01BB240000
115237,0x300,S,8,000000000245420C
115300,0x300,S,8,000000000245420C
115352,0x400,S,8,4400000000000000
115409,0x300,S,8,000000000245420C
115458,0x401,S,8,0000CC01BB240000
115505,0x300,S,8,000000000245420C
115556,0x300,S,8,000000000245420C
115609,0x300,S,8,000000000245420C
115665,0x301,S,8,0000000000030002
115722,0x401,S,8,0000CC01BB240000
115780,0x301,S,8,0000000000030002
115908,0x301,S,8,0000000000080002
115954,0x220201,E,8,0156345832303358
116004,0x301,S,8,0000000000030002
116054,0x301,S,8,0000000000080002
116110,0x6F2020,E,8,FEFF73022E603000
116164,0x110,S,8,033E00C803001D00
116223,0x301,S,8,0000000000040002
116274,0x301,S,8,0000000000090002
116323,0x110,S,8,033E00C803001D00
116376,0x301,S,8,0000000000050002
116431,0x110,S,8,033E00C803001D00
116487,0x301,S,8,0000000000040002
